Title,GameURL,ThumbnailURL,Category,Type,Description
8-eyes,/roms/8-eyes.md,,Retro Game,Emulator,
actraiser-2,/roms/actraiser-2.md,,Retro Game,Emulator,
actraiser,/roms/actraiser.md,https://encrypted-tbn0.gstatic.com/images?q=tbn:ANd9GcQ4BmI8nirKaT6VzkQacY8TGhx36sHm4TgpE9ngsIS1SX11WkCOA3CYyaPGsg&s,Category,Emulator,"Simulation
Description|Guide people to build civilizations and battle monsters as a god-like entity."
advance-wars-2---black-hole-rising,/roms/advance-wars-2---black-hole-rising.md,,Retro Game,Emulator,
advance-wars,/roms/advance-wars.md,,Retro Game,Emulator,
advanced-busterhawk-gleylancer,/roms/advanced-busterhawk-gleylancer.md,,Retro Game,Emulator,
adventure-island-3,/roms/adventure-island-3.md,,Retro Game,Emulator,
adventure-island-ii,/roms/adventure-island-ii.md,,Retro Game,Emulator,
adventure-island,/roms/adventure-island.md,,Retro Game,Emulator,
adventures-of-batman-robin-the,/roms/adventures-of-batman-robin-the.md,,Retro Game,Emulator,
adventures-of-batman-robin-the,/roms/adventures-of-batman-robin-the.md,,Retro Game,Emulator,
adventures-of-lolo-2,/roms/adventures-of-lolo-2.md,,Retro Game,Emulator,
adventures-of-lolo-3,/roms/adventures-of-lolo-3.md,,Retro Game,Emulator,
adventures-of-lolo,/roms/adventures-of-lolo.md,,Retro Game,Emulator,
adventures-of-tom-sawyer,/roms/adventures-of-tom-sawyer.md,,Retro Game,Emulator,
aero-fighters,/roms/aero-fighters.md,,Retro Game,Emulator,
aero-the-acro-bat-2,/roms/aero-the-acro-bat-2.md,,Retro Game,Emulator,
aero-the-acro-bat,/roms/aero-the-acro-bat.md,,Retro Game,Emulator,
aerobiz-supersonic,/roms/aerobiz-supersonic.md,,Retro Game,Emulator,
aerobiz,/roms/aerobiz.md,https://encrypted-tbn0.gstatic.com/images?q=tbn:ANd9GcTTaTUsEbgkuRV7_SA4f6jkh1AMXAx_wjj3Zbk4CJA_5uq4FeUK329XBOYNspA&s,Simulation,Emulator,Manage airline fleet and routes to become most successful airline in world.
air-buster,/roms/air-buster.md,,Retro Game,Emulator,
aladdin,/roms/aladdin.md,https://encrypted-tbn0.gstatic.com/images?q=tbn:ANd9GcSGP83D1pQDuHkS2ZyBbZgXbWuYPK7rxyDafX_Mo-7q3op8iHQfJIL1Un3ANg&s,Category,Emulator,"Description
Platformer|Aladdin runs, jumps, and fights through Agrabah to defeat Jafar and save Jasmine."
aladdin,/roms/aladdin.md,https://encrypted-tbn0.gstatic.com/images?q=tbn:ANd9GcSGP83D1pQDuHkS2ZyBbZgXbWuYPK7rxyDafX_Mo-7q3op8iHQfJIL1Un3ANg&s,Category,Emulator,"Description
Platformer|Aladdin runs, jumps, and fights through Agrabah to defeat Jafar and save Jasmine."
alex-kidd-in-the-enchanted-castle,/roms/alex-kidd-in-the-enchanted-castle.md,,Retro Game,Emulator,
alfred-chicken,/roms/alfred-chicken.md,,Retro Game,Emulator,
alien-3,/roms/alien-3.md,,Retro Game,Emulator,
alien-hominid,/roms/alien-hominid.md,,Retro Game,Emulator,
alien-soldier,/roms/alien-soldier.md,,Retro Game,Emulator,
alien-vs-predator,/roms/alien-vs-predator.md,,Retro Game,Emulator,
alisia-dragoon,/roms/alisia-dragoon.md,,Retro Game,Emulator,
altered-beast,/roms/altered-beast.md,,Retro Game,Emulator,
amazing-spider-man-the---lethal-foes,/roms/amazing-spider-man-the---lethal-foes.md,,Retro Game,Emulator,
american-tail-an---fievel-goes-west,/roms/american-tail-an---fievel-goes-west.md,,Retro Game,Emulator,
animaniacs,/roms/animaniacs.md,https://encrypted-tbn0.gstatic.com/images?q=tbn:ANd9GcQ9fAd99u5FM2sTZyYNzESr7YAi6HV_tngbmeEBTlLTiGWGnzq0ket11pvQfjw&s,Unknown,Emulator,Characters from the popular TV show participate in wacky mini-games.
arcana,/roms/arcana.md,https://encrypted-tbn0.gstatic.com/images?q=tbn:ANd9GcRnqOHJZlVxURmD-xWgxnJ4jzreBfoyZ5U_K3HS1rPEYD95ygzo0Gzkz0Foew&s,Category,Emulator,"RPG.
Description|Players control a hero exploring dungeons and battling monsters in a quest to save the world."
ardy-lightfoot,/roms/ardy-lightfoot.md,,Retro Game,Emulator,
arkanoid---doh-it-again,/roms/arkanoid---doh-it-again.md,,Retro Game,Emulator,
arkanoid,/roms/arkanoid.md,https://encrypted-tbn0.gstatic.com/images?q=tbn:ANd9GcQfnuIznSipNlyEG9C86CA5SxETU2QG3F5DX98pooR7dKtK2vDT5oKZ34gUbSg&s,Arcade,Emulator,Breakout-inspired game where players control a paddle to bounce a ball and break bricks.
arkistas-ring,/roms/arkistas-ring.md,,Retro Game,Emulator,
astro-boy---omega-factor,/roms/astro-boy---omega-factor.md,,Retro Game,Emulator,
astyanax,/roms/astyanax.md,https://encrypted-tbn0.gstatic.com/images?q=tbn:ANd9GcT3JutMpmRbVkQMp9bcjn4O9DyMJ2AiqsR-XN3iN4HSEup0bYhKmA4ijj07xuM&s,Platformer,Emulator,Astyanax fights through a fantasy world to save Princess Rosebud from evil wizard.
atomic-runner,/roms/atomic-runner.md,,Retro Game,Emulator,
axelay,/roms/axelay.md,https://encrypted-tbn0.gstatic.com/images?q=tbn:ANd9GcRvQNHNi3oRRDEJmDVgW01rx3nLba_qc_gn7IoAv1lGoQhd7H00i6FrQ3_rsg&s,Action,Emulator,"Pilot spacecraft, defeat enemies, upgrade weapons in side-scrolling shooter with impressive graphics and music."
bahamut-lagoon,/roms/bahamut-lagoon.md,,Retro Game,Emulator,
balloon-fight,/roms/balloon-fight.md,,Retro Game,Emulator,
ballz-3d---fighting-at-its-ballziest-ballz-3d---the-battle-of-the-ballz,/roms/ballz-3d---fighting-at-its-ballziest-ballz-3d---the-battle-of-the-ballz.md,,Retro Game,Emulator,
banana-prince,/roms/banana-prince.md,,Retro Game,Emulator,
banjo-kazooie---gruntys-revenge,/roms/banjo-kazooie---gruntys-revenge.md,,Retro Game,Emulator,
bare-knuckle---ikari-no-tekken-streets-of-rage,/roms/bare-knuckle---ikari-no-tekken-streets-of-rage.md,,Retro Game,Emulator,
bass-masters-classic---pro-edition,/roms/bass-masters-classic---pro-edition.md,,Retro Game,Emulator,
bassins-black-bass,/roms/bassins-black-bass.md,,Retro Game,Emulator,
batman---return-of-the-joker,/roms/batman---return-of-the-joker.md,,Retro Game,Emulator,
batman---the-video-game,/roms/batman---the-video-game.md,,Retro Game,Emulator,
batman-returns,/roms/batman-returns.md,,Retro Game,Emulator,
batman-returns,/roms/batman-returns.md,,Retro Game,Emulator,
battle-mania-daiginjou,/roms/battle-mania-daiginjou.md,,Retro Game,Emulator,
battle-of-olympus-the,/roms/battle-of-olympus-the.md,,Retro Game,Emulator,
battletech---a-game-of-armored-combat,/roms/battletech---a-game-of-armored-combat.md,,Retro Game,Emulator,
battletoads-double-dragon,/roms/battletoads-double-dragon.md,,Retro Game,Emulator,
battletoads,/roms/battletoads.md,https://encrypted-tbn0.gstatic.com/images?q=tbn:ANd9GcSXXMPsb8Rzy7X45TtU9WMuPQ84x7YujMqdTX1wdnPvx-2-AkWolkDLWBuH_ZY&s,Category,Emulator,"Beat 'em up
Genre|Difficulty adjustable beat 'em up game featuring three anthropomorphic toads fighting enemies."
best-of-the-best---championship-karate,/roms/best-of-the-best---championship-karate.md,,Retro Game,Emulator,
best-of-the-best---championship-karate,/roms/best-of-the-best---championship-karate.md,,Retro Game,Emulator,
beyond-oasis,/roms/beyond-oasis.md,,Retro Game,Emulator,
biker-mice-from-mars,/roms/biker-mice-from-mars.md,,Retro Game,Emulator,
bio-hazard-battle,/roms/bio-hazard-battle.md,,Retro Game,Emulator,
bio-miracle-baby-upa,/roms/bio-miracle-baby-upa.md,,Retro Game,Emulator,
biometal,/roms/biometal.md,https://encrypted-tbn0.gstatic.com/images?q=tbn:ANd9GcR_4PLsuqMZBaG5rQ2q9MRxok1SxVKbCZrsFqpm14Nh-tNAkqnTn_6sP29NUYY&s,Category,Emulator,"Shooter
Description|Pilot a high-tech fighter in a futuristic war against alien forces."
bionic-commando,/roms/bionic-commando.md,,Retro Game,Emulator,
blackthorne,/roms/blackthorne.md,https://encrypted-tbn0.gstatic.com/images?q=tbn:ANd9GcQcJbqvSndph5aW6JbFBTccPCyD6RFY80yGd8_AVRSkq2YOKTgUvDATE0rRIQ&s,Platformer,Emulator,Kyle Blackthorne returns to avenge his father's death in this action-adventure game.
blades-of-steel,/roms/blades-of-steel.md,,Retro Game,Emulator,
blaster-master,/roms/blaster-master.md,,Retro Game,Emulator,
blazeon---the-bio-cyborg-challenge,/roms/blazeon---the-bio-cyborg-challenge.md,,Retro Game,Emulator,
boktai---the-sun-is-in-your-hand,/roms/boktai---the-sun-is-in-your-hand.md,,Retro Game,Emulator,
boktai-2---solar-boy-django,/roms/boktai-2---solar-boy-django.md,,Retro Game,Emulator,
bomberman-ii,/roms/bomberman-ii.md,,Retro Game,Emulator,
bomberman,/roms/bomberman.md,https://encrypted-tbn0.gstatic.com/images?q=tbn:ANd9GcSHo9DkKG8awztWgB9GiZrnyYIvwXaV_pbuMrOw3ubvV7NOEUK_Tho8D2lo2Fc&s,Classic,Emulator,"Blast your way through mazes, strategically placing bombs to defeat enemies and uncover power-ups."
bonanza-bros,/roms/bonanza-bros.md,,Retro Game,Emulator,
bonkers,/roms/bonkers.md,https://encrypted-tbn0.gstatic.com/images?q=tbn:ANd9GcQUIyrQjj79wKqd4MuCFG4pUu0GaORIYlAVPIJ0kP-uZqCy8pSdEKsVvuQhp28&s,Category,Emulator,"Action-adventure
Description|Play as Bonkers, a bobcat detective solving crimes in ""Toontown""."
bonks-adventure,/roms/bonks-adventure.md,,Retro Game,Emulator,
boxing-legends-of-the-ring,/roms/boxing-legends-of-the-ring.md,,Retro Game,Emulator,
brain-lord,/roms/brain-lord.md,,Retro Game,Emulator,
break-time---the-national-pool-tour,/roms/break-time---the-national-pool-tour.md,,Retro Game,Emulator,
breath-of-fire-ii,/roms/breath-of-fire-ii.md,,Retro Game,Emulator,
breath-of-fire,/roms/breath-of-fire.md,,Retro Game,Emulator,
broken-sword---the-shadow-of-the-templars,/roms/broken-sword---the-shadow-of-the-templars.md,,Retro Game,Emulator,
bruce-lee---return-of-the-legend,/roms/bruce-lee---return-of-the-legend.md,,Retro Game,Emulator,
bubble-bobble-part-2,/roms/bubble-bobble-part-2.md,,Retro Game,Emulator,
bubble-bobble,/roms/bubble-bobble.md,,Retro Game,Emulator,
buck-rogers---countdown-to-doomsday,/roms/buck-rogers---countdown-to-doomsday.md,,Retro Game,Emulator,
bucky-ohare,/roms/bucky-ohare.md,,Retro Game,Emulator,
bugs-bunny---rabbit-rampage,/roms/bugs-bunny---rabbit-rampage.md,,Retro Game,Emulator,
bugs-bunny-birthday-blowout-the,/roms/bugs-bunny-birthday-blowout-the.md,,Retro Game,Emulator,
bugs-bunny-crazy-castle-the,/roms/bugs-bunny-crazy-castle-the.md,,Retro Game,Emulator,
burai-fighter,/roms/burai-fighter.md,,Retro Game,Emulator,
bust-a-move,/roms/bust-a-move.md,https://encrypted-tbn0.gstatic.com/images?q=tbn:ANd9GcTloWtLm6s2p3FRvZFq9onVwMsJmpSDtFXk8nGw36F818NhmPwMqntxFjw9HQ&s,Puzzle,Emulator,"Aim, shoot, and match colored bubbles to clear the screen in this arcade classic."
cacoma-knight-in-bizyland,/roms/cacoma-knight-in-bizyland.md,,Retro Game,Emulator,
cannon-fodder,/roms/cannon-fodder.md,,Retro Game,Emulator,
cannon-fodder,/roms/cannon-fodder.md,,Retro Game,Emulator,
captain-america-and-the-avengers,/roms/captain-america-and-the-avengers.md,,Retro Game,Emulator,
captain-tsubasa-vol-ii---super-striker,/roms/captain-tsubasa-vol-ii---super-striker.md,,Retro Game,Emulator,
car-battler-joe,/roms/car-battler-joe.md,,Retro Game,Emulator,
castelian,/roms/castelian.md,https://encrypted-tbn0.gstatic.com/images?q=tbn:ANd9GcRXtw369jGSVBw23LpwuqakWS16yy0zXNh3OTPlgpAvJ_nOEgJsuvdZFmI6aKQ&s,Puzzle,Emulator,Build and destroy blocks to reach the top of each level as a young prince.
castle-of-illusion-starring-mickey-mouse,/roms/castle-of-illusion-starring-mickey-mouse.md,,Retro Game,Emulator,
castlevania---aria-of-sorrow,/roms/castlevania---aria-of-sorrow.md,,Retro Game,Emulator,
castlevania---bloodlines,/roms/castlevania---bloodlines.md,,Retro Game,Emulator,
castlevania---circle-of-the-moon,/roms/castlevania---circle-of-the-moon.md,,Retro Game,Emulator,
castlevania---dracula-x,/roms/castlevania---dracula-x.md,,Retro Game,Emulator,
castlevania---harmony-of-dissonance,/roms/castlevania---harmony-of-dissonance.md,,Retro Game,Emulator,
castlevania-ii---simons-quest,/roms/castlevania-ii---simons-quest.md,,Retro Game,Emulator,
castlevania-iii---draculas-curse,/roms/castlevania-iii---draculas-curse.md,,Retro Game,Emulator,
castlevania,/roms/castlevania.md,https://encrypted-tbn0.gstatic.com/images?q=tbn:ANd9GcTEAIppvQINGKbm45vnv_gkweIpRgXEnt2EbCD07t9Xggb23KgW5BGQRVVWoYQ&s,Action-Adventure,Emulator,Simon Belmont fights Dracula's minions to save Transylvania from darkness.
chip-n-dale---rescue-rangers-2,/roms/chip-n-dale---rescue-rangers-2.md,,Retro Game,Emulator,
chip-n-dale---rescue-rangers,/roms/chip-n-dale---rescue-rangers.md,,Retro Game,Emulator,
choplifter-iii---rescue-survive,/roms/choplifter-iii---rescue-survive.md,,Retro Game,Emulator,
chronicle-of-the-radia-war-v1-00,/roms/chronicle-of-the-radia-war-v1-00.md,,Retro Game,Emulator,
chrono-trigger,/roms/chrono-trigger.md,,Retro Game,Emulator,
chuchu-rocket,/roms/chuchu-rocket.md,,Retro Game,Emulator,
chuck-rock,/roms/chuck-rock.md,,Retro Game,Emulator,
clash-at-demonhead,/roms/clash-at-demonhead.md,,Retro Game,Emulator,
clock-tower,/roms/clock-tower.md,,Retro Game,Emulator,
clue,/roms/clue.md,https://encrypted-tbn0.gstatic.com/images?q=tbn:ANd9GcQZY3IB9DNZydPgfasFy5IDiNyGdOlkol-B27FapJo87BN1IYsd_f_7d32UwA&s,Mystery,Emulator,"Solve a murder with 6 suspects, 6 weapons, and 9 rooms in this classic board game adaptation."
cocoron,/roms/cocoron.md,https://encrypted-tbn0.gstatic.com/images?q=tbn:ANd9GcRW8A2qK1R6ZbN7NZTa8sI5_yM38odvZ2_Qpx3_2yHfACmyovXwzl_BPg3CSA&s,Category,Emulator,"Description
Genre|Action platformer with customizable character creation
Developer|K2 LLC
Publisher|K2 LLC
Platforms|Nintendo Entertainment System (NES)
Release Date|December 4, 1991"
columns-iii,/roms/columns-iii.md,,Retro Game,Emulator,
combat-cars,/roms/combat-cars.md,,Retro Game,Emulator,
comix-zone,/roms/comix-zone.md,,Retro Game,Emulator,
conquest-of-the-crystal-palace,/roms/conquest-of-the-crystal-palace.md,,Retro Game,Emulator,
contra---hard-corps,/roms/contra---hard-corps.md,,Retro Game,Emulator,
contra-iii---the-alien-wars,/roms/contra-iii---the-alien-wars.md,,Retro Game,Emulator,
contra,/roms/contra.md,https://encrypted-tbn0.gstatic.com/images?q=tbn:ANd9GcTHEBRbGUWX0fM9_7Gr8o0Ww9YrKWcDESVM_kkmiWExm7tftQnbTHeN1AZ9yVk&s,Shooter,Emulator,Bill and Lance battle aliens in side-scrolling missions to save the world.
cool-spot,/roms/cool-spot.md,,Retro Game,Emulator,
cowboy-kid,/roms/cowboy-kid.md,,Retro Game,Emulator,
crackout,/roms/crackout.md,https://encrypted-tbn0.gstatic.com/images?q=tbn:ANd9GcSHQSSxEWV4hX-KvLP_1SXiOKeVrzGY4eCxE-oGNo8UlyDOFDwxYurjxxYK5A&s,Category,Emulator,"Description
Genre|Arcade 
Developer|Konami 
Release Date|June 1986 
Rating|4.5/5 stars"
crash-nitro-kart,/roms/crash-nitro-kart.md,,Retro Game,Emulator,
crisis-force,/roms/crisis-force.md,,Retro Game,Emulator,
crusader-of-centy,/roms/crusader-of-centy.md,,Retro Game,Emulator,
crystalis,/roms/crystalis.md,https://encrypted-tbn0.gstatic.com/images?q=tbn:ANd9GcSi-LFPg4-7UqStnXAX2_ffZ0vgTA-CEMtWN-WX41YeaEGBl0DQm_ulHR3aJw&s,Category,Emulator,"Action RPG
Description|Fight monsters, use magic, and save the world in this post-apocalyptic adventure."
cybernator,/roms/cybernator.md,https://encrypted-tbn0.gstatic.com/images?q=tbn:ANd9GcSuYDW9d7BfXPj8pamAUH6C-heuK9d7i8oRUnAScAc1PrfQIH_JfBpnyr_GFYg&s,Category,Emulator,"Description
Action|Pilot a mech suit to destroy enemies and save Earth from war."
cyborg-justice,/roms/cyborg-justice.md,,Retro Game,Emulator,
daffy-duck---the-marvin-missions,/roms/daffy-duck---the-marvin-missions.md,,Retro Game,Emulator,
dahna---goddess-birth,/roms/dahna---goddess-birth.md,,Retro Game,Emulator,
daimakaimura-ghoulsn-ghosts,/roms/daimakaimura-ghoulsn-ghosts.md,,Retro Game,Emulator,
darkwing-duck,/roms/darkwing-duck.md,,Retro Game,Emulator,
david-cranes-a-boy-and-his-blob---trouble-on-blobolonia,/roms/david-cranes-a-boy-and-his-blob---trouble-on-blobolonia.md,,Retro Game,Emulator,
death-and-return-of-superman-the,/roms/death-and-return-of-superman-the.md,,Retro Game,Emulator,
decapattack,/roms/decapattack.md,https://encrypted-tbn0.gstatic.com/images?q=tbn:ANd9GcQIrM4ErlXxqRkjc56h8XPfRUWqsA9dO6sZJxrWsaui8k1Te1Z6IR8vPUnE_w&s,Genre,Emulator,"Platformer with quirky humor and unique attack system.
Developer|Vic Tokai
Publisher|Sega
Platforms|Sega Genesis
Release Date|1991"
deja-vu,/roms/deja-vu.md,,Retro Game,Emulator,
demons-crest,/roms/demons-crest.md,,Retro Game,Emulator,
denki-blocks,/roms/denki-blocks.md,,Retro Game,Emulator,
desert-strike---return-to-the-gulf,/roms/desert-strike---return-to-the-gulf.md,,Retro Game,Emulator,
destiny-of-an-emperor,/roms/destiny-of-an-emperor.md,,Retro Game,Emulator,
devil-world,/roms/devil-world.md,,Retro Game,Emulator,
digital-devil-story---megami-tensei-ii,/roms/digital-devil-story---megami-tensei-ii.md,,Retro Game,Emulator,
digital-devil-story---megami-tensei,/roms/digital-devil-story---megami-tensei.md,,Retro Game,Emulator,
dk---king-of-swing,/roms/dk---king-of-swing.md,,Retro Game,Emulator,
donald-in-maui-mallard,/roms/donald-in-maui-mallard.md,,Retro Game,Emulator,
donkey-kong-classics,/roms/donkey-kong-classics.md,,Retro Game,Emulator,
donkey-kong-country-2---diddys-kong-quest,/roms/donkey-kong-country-2---diddys-kong-quest.md,,Retro Game,Emulator,
donkey-kong-country-3---dixie-kongs-double-trouble,/roms/donkey-kong-country-3---dixie-kongs-double-trouble.md,,Retro Game,Emulator,
donkey-kong-country,/roms/donkey-kong-country.md,,Retro Game,Emulator,
door-door,/roms/door-door.md,,Retro Game,Emulator,
double-dragon-advance,/roms/double-dragon-advance.md,,Retro Game,Emulator,
double-dragon-ii---the-revenge,/roms/double-dragon-ii---the-revenge.md,,Retro Game,Emulator,
double-dragon-iii---the-sacred-stones,/roms/double-dragon-iii---the-sacred-stones.md,,Retro Game,Emulator,
double-dragon,/roms/double-dragon.md,,Retro Game,Emulator,
dr-mario,/roms/dr-mario.md,,Retro Game,Emulator,
dr-robotniks-mean-bean-machine,/roms/dr-robotniks-mean-bean-machine.md,,Retro Game,Emulator,
dragon-ball-z---hyper-dimension,/roms/dragon-ball-z---hyper-dimension.md,,Retro Game,Emulator,
dragon-ball-z---la-legende-saien,/roms/dragon-ball-z---la-legende-saien.md,,Retro Game,Emulator,
dragon-ball-z---super-saiya-densetsu,/roms/dragon-ball-z---super-saiya-densetsu.md,,Retro Game,Emulator,
dragon-fighter,/roms/dragon-fighter.md,,Retro Game,Emulator,
dragon-quest-i-ii,/roms/dragon-quest-i-ii.md,,Retro Game,Emulator,
dragon-quest-iii---and-into-the-legend,/roms/dragon-quest-iii---and-into-the-legend.md,,Retro Game,Emulator,
dragon-quest-monsters---caravan-heart,/roms/dragon-quest-monsters---caravan-heart.md,,Retro Game,Emulator,
dragon-quest-v---tenkuu-no-hanayome,/roms/dragon-quest-v---tenkuu-no-hanayome.md,,Retro Game,Emulator,
dragon-quest-vi---realms-of-revelation,/roms/dragon-quest-vi---realms-of-revelation.md,,Retro Game,Emulator,
dragon-spirit---the-new-legend,/roms/dragon-spirit---the-new-legend.md,,Retro Game,Emulator,
dragon-view,/roms/dragon-view.md,,Retro Game,Emulator,
dragon-warrior-ii,/roms/dragon-warrior-ii.md,,Retro Game,Emulator,
dragon-warrior-iii,/roms/dragon-warrior-iii.md,,Retro Game,Emulator,
dragon-warrior-iv,/roms/dragon-warrior-iv.md,,Retro Game,Emulator,
dragon-warrior,/roms/dragon-warrior.md,,Retro Game,Emulator,
drill-dozer,/roms/drill-dozer.md,,Retro Game,Emulator,
ducktales-2,/roms/ducktales-2.md,,Retro Game,Emulator,
ducktales,/roms/ducktales.md,https://encrypted-tbn0.gstatic.com/images?q=tbn:ANd9GcTgDztdOwq-fciXNZn1Vbp539ZF094j58tkdcQzF-iBr8IEST5hBYnZ-7CLLA&s,Category,Emulator,"Platformer.
Description|Scrooge McDuck jumps and pogo-sticks through levels to collect treasures."
dune---the-battle-for-arrakis,/roms/dune---the-battle-for-arrakis.md,,Retro Game,Emulator,
dynamite-headdy,/roms/dynamite-headdy.md,,Retro Game,Emulator,
dynasty-warriors-advance,/roms/dynasty-warriors-advance.md,,Retro Game,Emulator,
e-v-o---search-for-eden,/roms/e-v-o---search-for-eden.md,,Retro Game,Emulator,
earthbound-beginnings,/roms/earthbound-beginnings.md,,Retro Game,Emulator,
earthbound,/roms/earthbound.md,https://encrypted-tbn0.gstatic.com/images?q=tbn:ANd9GcTvFRpP8Du31NCC_eSbORl2z8SbrFGV1rgMv0ZrlYDBLSgBRBtzda_dN4yEDA&s,RPG,Emulator,Four kids save the world from an alien invasion using psychic powers and quirky humor.
earthworm-jim-2,/roms/earthworm-jim-2.md,,Retro Game,Emulator,
earthworm-jim-2,/roms/earthworm-jim-2.md,,Retro Game,Emulator,
earthworm-jim,/roms/earthworm-jim.md,,Retro Game,Emulator,
earthworm-jim,/roms/earthworm-jim.md,,Retro Game,Emulator,
ecco-the-dolphin,/roms/ecco-the-dolphin.md,,Retro Game,Emulator,
elemental-master,/roms/elemental-master.md,,Retro Game,Emulator,
elite,/roms/elite.md,https://encrypted-tbn0.gstatic.com/images?q=tbn:ANd9GcQeKEzt9d3pRU-Q4SP5G641QWINvy2Kut7VBIroZfVQPrBAkcF6e4-N4Xr4yw&s,Category,Emulator,"Description
-----------------------
Simulation|Space exploration, trading, and combat game with open-ended gameplay."
eternal-champions,/roms/eternal-champions.md,,Retro Game,Emulator,
excitebike,/roms/excitebike.md,https://encrypted-tbn0.gstatic.com/images?q=tbn:ANd9GcRgfcMxqsAv21NK2Ic1Ho92s1lcEkVWPB39xbIkZPu-2HM230wrRGkt-VIg6Qc&s,Racing,Emulator,Players race motocross bikes over various obstacles and ramps to reach the finish line.
f-zero---gp-legend,/roms/f-zero---gp-legend.md,,Retro Game,Emulator,
f-zero---maximum-velocity,/roms/f-zero---maximum-velocity.md,,Retro Game,Emulator,
f-zero,/roms/f-zero.md,https://encrypted-tbn0.gstatic.com/images?q=tbn:ANd9GcSHWBqebrMcYUwyxsNPCLJnfXbWcODj1YUVGw6r1UVJ-fs9jDNoiChKnxvYpD0&s,Racing,Emulator,Pilot futuristic hovercars in high-speed races.
faceball-2000,/roms/faceball-2000.md,,Retro Game,Emulator,
famicom-wars,/roms/famicom-wars.md,,Retro Game,Emulator,
fatal-fury-2,/roms/fatal-fury-2.md,,Retro Game,Emulator,
fatal-fury-special,/roms/fatal-fury-special.md,,Retro Game,Emulator,
fatal-fury,/roms/fatal-fury.md,,Retro Game,Emulator,
faxanadu,/roms/faxanadu.md,https://encrypted-tbn0.gstatic.com/images?q=tbn:ANd9GcQAbioT3dSk9T6KSt_L3EtUcBaDWo8p6J2nA41ayolUFNXRVu0O1JaPJh8_zA&s,Action Role-Playing,Emulator,Explore dungeons and save the World Tree in Faxanadu.
felix-the-cat,/roms/felix-the-cat.md,,Retro Game,Emulator,
festers-quest,/roms/festers-quest.md,,Retro Game,Emulator,
final-fantasy---mystic-quest,/roms/final-fantasy---mystic-quest.md,,Retro Game,Emulator,
final-fantasy-i-ii---dawn-of-souls,/roms/final-fantasy-i-ii---dawn-of-souls.md,,Retro Game,Emulator,
final-fantasy-ii,/roms/final-fantasy-ii.md,,Retro Game,Emulator,
final-fantasy-ii,/roms/final-fantasy-ii.md,,Retro Game,Emulator,
final-fantasy-iii,/roms/final-fantasy-iii.md,,Retro Game,Emulator,
final-fantasy-iii,/roms/final-fantasy-iii.md,,Retro Game,Emulator,
final-fantasy-iv-advance,/roms/final-fantasy-iv-advance.md,,Retro Game,Emulator,
final-fantasy-tactics-advance,/roms/final-fantasy-tactics-advance.md,,Retro Game,Emulator,
final-fantasy-v-advance,/roms/final-fantasy-v-advance.md,,Retro Game,Emulator,
final-fantasy-v,/roms/final-fantasy-v.md,,Retro Game,Emulator,
final-fantasy-vi-advance,/roms/final-fantasy-vi-advance.md,,Retro Game,Emulator,
final-fantasy,/roms/final-fantasy.md,,Retro Game,Emulator,
final-fight-one,/roms/final-fight-one.md,,Retro Game,Emulator,
fire-emblem---mystery-of-the-emblem,/roms/fire-emblem---mystery-of-the-emblem.md,,Retro Game,Emulator,
fire-emblem---seisen-no-keifu,/roms/fire-emblem---seisen-no-keifu.md,,Retro Game,Emulator,
fire-emblem---shadow-dragon-and-the-blade-of-light,/roms/fire-emblem---shadow-dragon-and-the-blade-of-light.md,,Retro Game,Emulator,
fire-emblem---the-binding-blade,/roms/fire-emblem---the-binding-blade.md,,Retro Game,Emulator,
fire-emblem---the-sacred-stones,/roms/fire-emblem---the-sacred-stones.md,,Retro Game,Emulator,
fire-emblem---thracia-776,/roms/fire-emblem---thracia-776.md,,Retro Game,Emulator,
fire-emblem-gaiden,/roms/fire-emblem-gaiden.md,,Retro Game,Emulator,
fire-emblem,/roms/fire-emblem.md,,Retro Game,Emulator,
fire-n-ice,/roms/fire-n-ice.md,,Retro Game,Emulator,
fire-shark,/roms/fire-shark.md,,Retro Game,Emulator,
firemen-the,/roms/firemen-the.md,,Retro Game,Emulator,
firepower-2000,/roms/firepower-2000.md,,Retro Game,Emulator,
firestriker,/roms/firestriker.md,https://encrypted-tbn0.gstatic.com/images?q=tbn:ANd9GcS-5v9OhYvxHjQrDX35YwcZ6kyM4vfPnS6VMKNawUTE3pPehRu0e4_MKGNqQPI&s,Category,Emulator,"Action RPG
Description|A fantasy game where players control a magic-wielding hero to defeat evil forces."
first-samurai,/roms/first-samurai.md,,Retro Game,Emulator,
flashback---the-quest-for-identity,/roms/flashback---the-quest-for-identity.md,,Retro Game,Emulator,
flashback---the-quest-for-identity,/roms/flashback---the-quest-for-identity.md,,Retro Game,Emulator,
flicky,/roms/flicky.md,https://encrypted-tbn0.gstatic.com/images?q=tbn:ANd9GcTwHEb-MsxTLuyRCT-cq3xNso3_JRpvGq7eSA5NWzZypIwKf0S9fG94a0xEMeg&s,Arcade,Emulator,Flicky is a classic arcade game where players collect chicks and avoid enemies.
flintstones-the---the-rescue-of-dino-hoppy,/roms/flintstones-the---the-rescue-of-dino-hoppy.md,,Retro Game,Emulator,
flintstones-the---the-surprise-at-dinosaur-peak,/roms/flintstones-the---the-surprise-at-dinosaur-peak.md,,Retro Game,Emulator,
flintstones-the---the-treasure-of-sierra-madrock,/roms/flintstones-the---the-treasure-of-sierra-madrock.md,,Retro Game,Emulator,
front-mission-series---gun-hazard,/roms/front-mission-series---gun-hazard.md,,Retro Game,Emulator,
front-mission,/roms/front-mission.md,,Retro Game,Emulator,
g-i-joe---a-real-american-hero,/roms/g-i-joe---a-real-american-hero.md,,Retro Game,Emulator,
game-watch-gallery-4,/roms/game-watch-gallery-4.md,,Retro Game,Emulator,
ganbare-goemon-2,/roms/ganbare-goemon-2.md,,Retro Game,Emulator,
ganbare-goemon-3---shishi-juurokubee-no-karakuri-manjigatame,/roms/ganbare-goemon-3---shishi-juurokubee-no-karakuri-manjigatame.md,,Retro Game,Emulator,
ganbare-goemon-gaiden---the-missing-golden-pipe,/roms/ganbare-goemon-gaiden---the-missing-golden-pipe.md,,Retro Game,Emulator,
ganbare-goemon-gaiden-2---treasures-of-the-world,/roms/ganbare-goemon-gaiden-2---treasures-of-the-world.md,,Retro Game,Emulator,
ganbare-goemon,/roms/ganbare-goemon.md,,Retro Game,Emulator,
ganpuru---gunmans-proof,/roms/ganpuru---gunmans-proof.md,,Retro Game,Emulator,
garfield---caught-in-the-act,/roms/garfield---caught-in-the-act.md,,Retro Game,Emulator,
gargoyles-quest-ii,/roms/gargoyles-quest-ii.md,,Retro Game,Emulator,
gauntlet-iv,/roms/gauntlet-iv.md,,Retro Game,Emulator,
gemfire,/roms/gemfire.md,https://encrypted-tbn0.gstatic.com/images?q=tbn:ANd9GcQwa7Z_NirGgU6Pp4VSz2rMtr7YJ-BVmAdMz1O1Q4inC3EiUx_Y0XqwyCDOrA&s,Strategy Game,Emulator,Conquer medieval kingdoms with diplomacy and battles in this turn-based classic.
gemfire,/roms/gemfire.md,https://encrypted-tbn0.gstatic.com/images?q=tbn:ANd9GcQwa7Z_NirGgU6Pp4VSz2rMtr7YJ-BVmAdMz1O1Q4inC3EiUx_Y0XqwyCDOrA&s,Strategy Game,Emulator,Conquer medieval kingdoms with diplomacy and battles in this turn-based classic.
general-chaos,/roms/general-chaos.md,,Retro Game,Emulator,
genghis-khan-ii---clan-of-the-gray-wolf,/roms/genghis-khan-ii---clan-of-the-gray-wolf.md,,Retro Game,Emulator,
genghis-khan,/roms/genghis-khan.md,,Retro Game,Emulator,
ghost-lion,/roms/ghost-lion.md,,Retro Game,Emulator,
ghostsn-goblins,/roms/ghostsn-goblins.md,,Retro Game,Emulator,
go-for-it-goemon---the-twinkling-journey---the-reason-i-became-a-dancer,/roms/go-for-it-goemon---the-twinkling-journey---the-reason-i-became-a-dancer.md,,Retro Game,Emulator,
go-for-it-goemon-2---the-strange-general-mcguinness,/roms/go-for-it-goemon-2---the-strange-general-mcguinness.md,,Retro Game,Emulator,
go-go-nekketu-hockey-club---multi-sport-battle,/roms/go-go-nekketu-hockey-club---multi-sport-battle.md,,Retro Game,Emulator,
goemon---new-age-shutsudou,/roms/goemon---new-age-shutsudou.md,,Retro Game,Emulator,
gokujou-parodius,/roms/gokujou-parodius.md,,Retro Game,Emulator,
golden-axe-ii,/roms/golden-axe-ii.md,,Retro Game,Emulator,
golden-axe-iii,/roms/golden-axe-iii.md,,Retro Game,Emulator,
golden-axe,/roms/golden-axe.md,,Retro Game,Emulator,
golden-sun---the-lost-age,/roms/golden-sun---the-lost-age.md,,Retro Game,Emulator,
golden-sun,/roms/golden-sun.md,,Retro Game,Emulator,
golgo-13---top-secret-episode,/roms/golgo-13---top-secret-episode.md,,Retro Game,Emulator,
goof-troop,/roms/goof-troop.md,,Retro Game,Emulator,
goonies-ii-the,/roms/goonies-ii-the.md,,Retro Game,Emulator,
gradius-ii,/roms/gradius-ii.md,,Retro Game,Emulator,
gradius-iii,/roms/gradius-iii.md,,Retro Game,Emulator,
gradius,/roms/gradius.md,https://encrypted-tbn0.gstatic.com/images?q=tbn:ANd9GcQbiS8Y39OX6kXqRpbivO8KjcuxKYcbsJ8CcfUs-gH9ezeoeCejHtwqVduxt6E&s,Category,Emulator,"Description
Genre|Shoot 'em up
Developer|Konami
Release Date|1985
Platforms|Arcade, NES"
granada,/roms/granada.md,https://encrypted-tbn0.gstatic.com/images?q=tbn:ANd9GcTVsjHagYW2cwn1rNIbZ4yxSJHGRo_aq6tC0MLaxSL80RMob3UyQv3Vlwk6vXA&s,Category,Emulator,"Description
Genre|Top-down shooter with strategic elements.
Publisher|Wolf Team
Developer|Wolf Team
Release Date|1990
Platforms|Sega Genesis, TurboGrafx-16"
great-circus-mystery-starring-mickey-minnie-the,/roms/great-circus-mystery-starring-mickey-minnie-the.md,,Retro Game,Emulator,
greatest-heavyweights,/roms/greatest-heavyweights.md,,Retro Game,Emulator,
gremlins-2---the-new-batch,/roms/gremlins-2---the-new-batch.md,,Retro Game,Emulator,
gt-advance---championship-racing,/roms/gt-advance---championship-racing.md,,Retro Game,Emulator,
guardian-legend-the,/roms/guardian-legend-the.md,,Retro Game,Emulator,
guerrilla-war,/roms/guerrilla-war.md,,Retro Game,Emulator,
gun-nac,/roms/gun-nac.md,,Retro Game,Emulator,
gun-smoke,/roms/gun-smoke.md,,Retro Game,Emulator,
gunstar-heroes,/roms/gunstar-heroes.md,,Retro Game,Emulator,
gunstar-super-heroes,/roms/gunstar-super-heroes.md,,Retro Game,Emulator,
gynoug,/roms/gynoug.md,https://encrypted-tbn0.gstatic.com/images?q=tbn:ANd9GcTYSpYCo6iARp5UWuFwnqToZLGhtX-FFZVzGXQEDd-FIUbHfzioLtHfnDf_Yg&s,Category,Emulator,"Description
Genre|Shoot 'em up game with side-scrolling action.
Platforms|Sega Genesis.
Developer|Masaya Games.
Release Date|Unknown.
Publisher|CRI Middleware."
gyruss,/roms/gyruss.md,https://encrypted-tbn0.gstatic.com/images?q=tbn:ANd9GcS6NL7WVkSqeEVfibopnembbA2hlyd5LRuaapZIMfbtMJMwrYz5vE3Ny50GdTA&s,Category,Emulator,"Shooter
Description|Navigate space to reach Earth in this arcade shooter game."
hagane---the-final-conflict,/roms/hagane---the-final-conflict.md,,Retro Game,Emulator,
hammer-lock-wrestling,/roms/hammer-lock-wrestling.md,,Retro Game,Emulator,
hammerin-harry,/roms/hammerin-harry.md,,Retro Game,Emulator,
harleys-humongous-adventure,/roms/harleys-humongous-adventure.md,,Retro Game,Emulator,
harvest-moon---friends-of-mineral-town,/roms/harvest-moon---friends-of-mineral-town.md,,Retro Game,Emulator,
harvest-moon---more-friends-of-mineral-town,/roms/harvest-moon---more-friends-of-mineral-town.md,,Retro Game,Emulator,
harvest-moon,/roms/harvest-moon.md,,Retro Game,Emulator,
haunting-starring-polterguy,/roms/haunting-starring-polterguy.md,,Retro Game,Emulator,
heavy-barrel,/roms/heavy-barrel.md,,Retro Game,Emulator,
herzog-zwei,/roms/herzog-zwei.md,,Retro Game,Emulator,
holy-diver,/roms/holy-diver.md,,Retro Game,Emulator,
hudsons-adventure-island-iv,/roms/hudsons-adventure-island-iv.md,,Retro Game,Emulator,
humans-the,/roms/humans-the.md,,Retro Game,Emulator,
hyperzone,/roms/hyperzone.md,https://encrypted-tbn0.gstatic.com/images?q=tbn:ANd9GcR7sxLtvpEsfCkolh1IhQc9vF04aIjS_ZdogPkH23BVpZbEnjJbPv2Nn9tT_g&s,Genre,Emulator,Action racing game with futuristic visuals.
ice-climber,/roms/ice-climber.md,,Retro Game,Emulator,
ice-hockey,/roms/ice-hockey.md,,Retro Game,Emulator,
illusion-of-gaia,/roms/illusion-of-gaia.md,,Retro Game,Emulator,
indiana-jones-greatest-adventures,/roms/indiana-jones-greatest-adventures.md,,Retro Game,Emulator,
inindo---way-of-the-ninja,/roms/inindo---way-of-the-ninja.md,,Retro Game,Emulator,
inspector-gadget,/roms/inspector-gadget.md,,Retro Game,Emulator,
international-superstar-soccer-deluxe,/roms/international-superstar-soccer-deluxe.md,,Retro Game,Emulator,
iridion-ii,/roms/iridion-ii.md,,Retro Game,Emulator,
iron-tank---the-invasion-of-normandy,/roms/iron-tank---the-invasion-of-normandy.md,,Retro Game,Emulator,
ivan-ironman-stewarts-super-off-road,/roms/ivan-ironman-stewarts-super-off-road.md,,Retro Game,Emulator,
jackal,/roms/jackal.md,https://encrypted-tbn0.gstatic.com/images?q=tbn:ANd9GcRLizljA8bjvt2YkyCt6PWVDVpAhCBQTOyT9R-jBt_6m7yFr9m06efKo9zM&s,Action,Emulator,Drive a jeep and rescue POWs in enemy territory.
jackie-chans-action-kung-fu,/roms/jackie-chans-action-kung-fu.md,,Retro Game,Emulator,
james-pond---underwater-agent,/roms/james-pond---underwater-agent.md,,Retro Game,Emulator,
james-pond-3,/roms/james-pond-3.md,,Retro Game,Emulator,
james-pond-ii---codename---robocod,/roms/james-pond-ii---codename---robocod.md,,Retro Game,Emulator,
jet-grind-radio,/roms/jet-grind-radio.md,,Retro Game,Emulator,
jetsons-the---cogswells-caper,/roms/jetsons-the---cogswells-caper.md,,Retro Game,Emulator,
jikkyou-oshaberi-parodius,/roms/jikkyou-oshaberi-parodius.md,,Retro Game,Emulator,
jim-lees-wildc-a-t-s---covert-action-teams,/roms/jim-lees-wildc-a-t-s---covert-action-teams.md,,Retro Game,Emulator,
joe-mac-2---lost-in-the-tropics,/roms/joe-mac-2---lost-in-the-tropics.md,,Retro Game,Emulator,
joe-mac,/roms/joe-mac.md,,Retro Game,Emulator,
journey-to-silius,/roms/journey-to-silius.md,,Retro Game,Emulator,
joy-mech-fight,/roms/joy-mech-fight.md,,Retro Game,Emulator,
jungle-book-the,/roms/jungle-book-the.md,,Retro Game,Emulator,
jungle-strike,/roms/jungle-strike.md,,Retro Game,Emulator,
jurassic-park---rampage-edition,/roms/jurassic-park---rampage-edition.md,,Retro Game,Emulator,
jurassic-park,/roms/jurassic-park.md,,Retro Game,Emulator,
jurassic-park,/roms/jurassic-park.md,,Retro Game,Emulator,
just-breed,/roms/just-breed.md,,Retro Game,Emulator,
kabuki---quantum-fighter,/roms/kabuki---quantum-fighter.md,,Retro Game,Emulator,
kaiketsu-yancha-maru-2---karakuri-land,/roms/kaiketsu-yancha-maru-2---karakuri-land.md,,Retro Game,Emulator,
kao-the-kangaroo,/roms/kao-the-kangaroo.md,,Retro Game,Emulator,
ken-griffey-jr-s-winning-run,/roms/ken-griffey-jr-s-winning-run.md,,Retro Game,Emulator,
kickle-cubicle,/roms/kickle-cubicle.md,,Retro Game,Emulator,
kickmaster,/roms/kickmaster.md,https://encrypted-tbn0.gstatic.com/images?q=tbn:ANd9GcSpesJ-H4Hu6_mma-PEXjI8iWgp97df4rPzNS16hizgQ0t9bIWGyWfLNVVYtg&s,Category,Emulator,"Action Platformer. Description|Thoron, the prince of Lowrel, battles through monsters with kicking attacks to save the kingdom."
kid-chameleon,/roms/kid-chameleon.md,,Retro Game,Emulator,
kid-dracula,/roms/kid-dracula.md,,Retro Game,Emulator,
kid-icarus,/roms/kid-icarus.md,,Retro Game,Emulator,
kid-klown-in-crazy-chase,/roms/kid-klown-in-crazy-chase.md,,Retro Game,Emulator,
kid-klown-in-night-mayor-world,/roms/kid-klown-in-night-mayor-world.md,,Retro Game,Emulator,
kid-niki-3,/roms/kid-niki-3.md,,Retro Game,Emulator,
killer-instinct,/roms/killer-instinct.md,,Retro Game,Emulator,
king-arthurs-world,/roms/king-arthurs-world.md,,Retro Game,Emulator,
king-of-demons,/roms/king-of-demons.md,,Retro Game,Emulator,
king-of-dragons,/roms/king-of-dragons.md,,Retro Game,Emulator,
king-of-the-monsters-2,/roms/king-of-the-monsters-2.md,,Retro Game,Emulator,
king-of-the-monsters,/roms/king-of-the-monsters.md,,Retro Game,Emulator,
kingdom-hearts---chain-of-memories,/roms/kingdom-hearts---chain-of-memories.md,,Retro Game,Emulator,
kirby---nightmare-in-dream-land,/roms/kirby---nightmare-in-dream-land.md,,Retro Game,Emulator,
kirby-super-star,/roms/kirby-super-star.md,,Retro Game,Emulator,
kirby-the-amazing-mirror,/roms/kirby-the-amazing-mirror.md,,Retro Game,Emulator,
kirbys-adventure,/roms/kirbys-adventure.md,,Retro Game,Emulator,
kirbys-avalanche,/roms/kirbys-avalanche.md,,Retro Game,Emulator,
kirbys-dream-course,/roms/kirbys-dream-course.md,,Retro Game,Emulator,
kirbys-dream-land-3,/roms/kirbys-dream-land-3.md,,Retro Game,Emulator,
kiwi-kraze---a-bird-brained-adventure,/roms/kiwi-kraze---a-bird-brained-adventure.md,,Retro Game,Emulator,
klax,/roms/klax.md,https://encrypted-tbn0.gstatic.com/images?q=tbn:ANd9GcRr1hIO1rXgpAXpHhQRfz5M29Cq-tWn_CDhHH90MyJoqM0tamEaK49aJXiBJw&s,Puzzle,Emulator,Catch falling tiles to form lines of the same color in this classic arcade game.
klonoa---empire-of-dreams,/roms/klonoa---empire-of-dreams.md,,Retro Game,Emulator,
klonoa-2---dream-champ-tournament,/roms/klonoa-2---dream-champ-tournament.md,,Retro Game,Emulator,
knights-of-the-round,/roms/knights-of-the-round.md,,Retro Game,Emulator,
konami-krazy-racers,/roms/konami-krazy-racers.md,,Retro Game,Emulator,
krazy-kreatures,/roms/krazy-kreatures.md,,Retro Game,Emulator,
krion-conquest-the,/roms/krion-conquest-the.md,,Retro Game,Emulator,
kung-fu-heroes,/roms/kung-fu-heroes.md,,Retro Game,Emulator,
kung-fu,/roms/kung-fu.md,,Retro Game,Emulator,
kurukuru-kururin,/roms/kurukuru-kururin.md,,Retro Game,Emulator,
lady-sia,/roms/lady-sia.md,,Retro Game,Emulator,
landstalker,/roms/landstalker.md,https://encrypted-tbn0.gstatic.com/images?q=tbn:ANd9GcRz0H3kkOJSrFoSwM20JxtZR1gNyccomSfopFDp9zI_aA4hYsTgKGMIis7vqg&s,Action-Adventure,Emulator,Nigel explores dungeons and fights monsters to find hidden treasure and save a kidnapped dancer.
langrisser-ii,/roms/langrisser-ii.md,,Retro Game,Emulator,
legacy-of-the-wizard,/roms/legacy-of-the-wizard.md,,Retro Game,Emulator,
legend-of-fuma-the,/roms/legend-of-fuma-the.md,,Retro Game,Emulator,
legend-of-the-mystical-ninja-the,/roms/legend-of-the-mystical-ninja-the.md,,Retro Game,Emulator,
legend-of-zelda-the---a-link-to-the-past-four-swords,/roms/legend-of-zelda-the---a-link-to-the-past-four-swords.md,,Retro Game,Emulator,
legend-of-zelda-the---a-link-to-the-past,/roms/legend-of-zelda-the---a-link-to-the-past.md,,Retro Game,Emulator,
legend-of-zelda-the---the-minish-cap,/roms/legend-of-zelda-the---the-minish-cap.md,,Retro Game,Emulator,
legend-of-zelda-the,/roms/legend-of-zelda-the.md,,Retro Game,Emulator,
legend,/roms/legend.md,https://encrypted-tbn0.gstatic.com/images?q=tbn:ANd9GcScAca-Su4p7JE2A_TanCt7sSwALmeqC-2_bncZW7sJDqaX7vd7eeAuPs67kw&s,Category,Emulator,"Description
RPG|Embark on an epic quest in a fantasy world filled with monsters and challenges."
legendary-wings,/roms/legendary-wings.md,,Retro Game,Emulator,
liberty-or-death,/roms/liberty-or-death.md,,Retro Game,Emulator,
life-force,/roms/life-force.md,,Retro Game,Emulator,
light-crusader,/roms/light-crusader.md,,Retro Game,Emulator,
lilo-stitch-2---haemsterviel-havoc,/roms/lilo-stitch-2---haemsterviel-havoc.md,,Retro Game,Emulator,
lilo-stitch,/roms/lilo-stitch.md,,Retro Game,Emulator,
lion-king-the,/roms/lion-king-the.md,,Retro Game,Emulator,
little-nemo---the-dream-master,/roms/little-nemo---the-dream-master.md,,Retro Game,Emulator,
little-ninja-brothers,/roms/little-ninja-brothers.md,,Retro Game,Emulator,
little-samson,/roms/little-samson.md,,Retro Game,Emulator,
live-a-live,/roms/live-a-live.md,,Retro Game,Emulator,
lone-ranger-the,/roms/lone-ranger-the.md,,Retro Game,Emulator,
lord-of-darkness,/roms/lord-of-darkness.md,,Retro Game,Emulator,
lost-vikings-2,/roms/lost-vikings-2.md,,Retro Game,Emulator,
lost-vikings-the,/roms/lost-vikings-the.md,,Retro Game,Emulator,
lost-vikings-the,/roms/lost-vikings-the.md,,Retro Game,Emulator,
lost-world-the---jurassic-park,/roms/lost-world-the---jurassic-park.md,,Retro Game,Emulator,
low-g-man---the-low-gravity-man,/roms/low-g-man---the-low-gravity-man.md,,Retro Game,Emulator,
lucky-luke,/roms/lucky-luke.md,,Retro Game,Emulator,
lufia-ii---rise-of-the-sinistrals,/roms/lufia-ii---rise-of-the-sinistrals.md,,Retro Game,Emulator,
lufia-the-fortress-of-doom,/roms/lufia-the-fortress-of-doom.md,,Retro Game,Emulator,
lunar-legend,/roms/lunar-legend.md,,Retro Game,Emulator,
m-c-kids,/roms/m-c-kids.md,,Retro Game,Emulator,
madden-nfl-94,/roms/madden-nfl-94.md,,Retro Game,Emulator,
mafat-conspiracy-the,/roms/mafat-conspiracy-the.md,,Retro Game,Emulator,
magic-of-scheherazade-the,/roms/magic-of-scheherazade-the.md,,Retro Game,Emulator,
magic-sword,/roms/magic-sword.md,,Retro Game,Emulator,
magical-popn,/roms/magical-popn.md,,Retro Game,Emulator,
magical-quest-starring-mickey-mouse-the,/roms/magical-quest-starring-mickey-mouse-the.md,,Retro Game,Emulator,
magical-vacation,/roms/magical-vacation.md,,Retro Game,Emulator,
maniac-mansion,/roms/maniac-mansion.md,,Retro Game,Emulator,
mappy-land,/roms/mappy-land.md,https://encrypted-tbn0.gstatic.com/images?q=tbn:ANd9GcT4MMI5l5FrRudV13CPeVbpm-82FYJYcpkpufc3Hjrhm5GsZ5oGJEGZiKvHjg&s,Category,Emulator,"Puzzle platformer.
Description|Help Mappy deliver gifts through different levels while avoiding enemies."
marble-madness,/roms/marble-madness.md,,Retro Game,Emulator,
mario-golf---advance-tour,/roms/mario-golf---advance-tour.md,,Retro Game,Emulator,
mario-kart---super-circuit,/roms/mario-kart---super-circuit.md,,Retro Game,Emulator,
mario-luigi---superstar-saga,/roms/mario-luigi---superstar-saga.md,,Retro Game,Emulator,
mario-pinball-land,/roms/mario-pinball-land.md,,Retro Game,Emulator,
mario-tennis---power-tour,/roms/mario-tennis---power-tour.md,,Retro Game,Emulator,
mario-vs-donkey-kong,/roms/mario-vs-donkey-kong.md,,Retro Game,Emulator,
marvel-super-heroes-in-war-of-the-gems,/roms/marvel-super-heroes-in-war-of-the-gems.md,,Retro Game,Emulator,
mask-the,/roms/mask-the.md,,Retro Game,Emulator,
maui-mallard-in-cold-shadow,/roms/maui-mallard-in-cold-shadow.md,,Retro Game,Emulator,
max-payne,/roms/max-payne.md,,Retro Game,Emulator,
mazin-saga---mutant-fighter,/roms/mazin-saga---mutant-fighter.md,,Retro Game,Emulator,
medabots---metabee,/roms/medabots---metabee.md,,Retro Game,Emulator,
mega-bomberman,/roms/mega-bomberman.md,,Retro Game,Emulator,
mega-man---the-wily-wars,/roms/mega-man---the-wily-wars.md,,Retro Game,Emulator,
mega-man-2,/roms/mega-man-2.md,,Retro Game,Emulator,
mega-man-3,/roms/mega-man-3.md,,Retro Game,Emulator,
mega-man-4,/roms/mega-man-4.md,,Retro Game,Emulator,
mega-man-5,/roms/mega-man-5.md,,Retro Game,Emulator,
mega-man-6,/roms/mega-man-6.md,,Retro Game,Emulator,
mega-man-7,/roms/mega-man-7.md,,Retro Game,Emulator,
mega-man-bass,/roms/mega-man-bass.md,,Retro Game,Emulator,
mega-man-battle-network-2,/roms/mega-man-battle-network-2.md,,Retro Game,Emulator,
mega-man-battle-network-3---blue-version,/roms/mega-man-battle-network-3---blue-version.md,,Retro Game,Emulator,
mega-man-battle-network-3---white-version,/roms/mega-man-battle-network-3---white-version.md,,Retro Game,Emulator,
mega-man-battle-network-4---blue-moon,/roms/mega-man-battle-network-4---blue-moon.md,,Retro Game,Emulator,
mega-man-battle-network-4---red-sun,/roms/mega-man-battle-network-4---red-sun.md,,Retro Game,Emulator,
mega-man-battle-network-5---team-colonel,/roms/mega-man-battle-network-5---team-colonel.md,,Retro Game,Emulator,
mega-man-battle-network-5---team-protoman,/roms/mega-man-battle-network-5---team-protoman.md,,Retro Game,Emulator,
mega-man-battle-network-6---cybeast-falzar,/roms/mega-man-battle-network-6---cybeast-falzar.md,,Retro Game,Emulator,
mega-man-battle-network-6---cybeast-gregar,/roms/mega-man-battle-network-6---cybeast-gregar.md,,Retro Game,Emulator,
mega-man-battle-network,/roms/mega-man-battle-network.md,,Retro Game,Emulator,
mega-man-soccer,/roms/mega-man-soccer.md,,Retro Game,Emulator,
mega-man-x,/roms/mega-man-x.md,,Retro Game,Emulator,
mega-man-x2,/roms/mega-man-x2.md,,Retro Game,Emulator,
mega-man-x3,/roms/mega-man-x3.md,,Retro Game,Emulator,
mega-man-zero-2,/roms/mega-man-zero-2.md,,Retro Game,Emulator,
mega-man-zero-3,/roms/mega-man-zero-3.md,,Retro Game,Emulator,
mega-man-zero-4,/roms/mega-man-zero-4.md,,Retro Game,Emulator,
mega-man-zero,/roms/mega-man-zero.md,,Retro Game,Emulator,
mega-man,/roms/mega-man.md,,Retro Game,Emulator,
mega-turrican,/roms/mega-turrican.md,,Retro Game,Emulator,
mendel-palace,/roms/mendel-palace.md,,Retro Game,Emulator,
metal-combat---falcons-revenge,/roms/metal-combat---falcons-revenge.md,,Retro Game,Emulator,
metal-gear,/roms/metal-gear.md,,Retro Game,Emulator,
metal-marines,/roms/metal-marines.md,,Retro Game,Emulator,
metal-slader-glory,/roms/metal-slader-glory.md,,Retro Game,Emulator,
metal-slug-advance,/roms/metal-slug-advance.md,,Retro Game,Emulator,
metal-storm,/roms/metal-storm.md,,Retro Game,Emulator,
metal-warriors,/roms/metal-warriors.md,,Retro Game,Emulator,
metroid---zero-mission,/roms/metroid---zero-mission.md,,Retro Game,Emulator,
metroid-fusion,/roms/metroid-fusion.md,,Retro Game,Emulator,
metroid,/roms/metroid.md,https://encrypted-tbn0.gstatic.com/images?q=tbn:ANd9GcS21g-hVZyk7_3F738WRI19pXESszjes2zQw-7IkEmn7u1gT3pdSadaPCUpmkA&s,Action-adventure,Emulator,Bounty hunter Samus fights space pirates and explores alien worlds to stop the threat of the Metroids.
michael-jacksons-moonwalker,/roms/michael-jacksons-moonwalker.md,,Retro Game,Emulator,
mickey-mania---the-timeless-adventures-of-mickey-mouse,/roms/mickey-mania---the-timeless-adventures-of-mickey-mouse.md,,Retro Game,Emulator,
mickeys-ultimate-challenge,/roms/mickeys-ultimate-challenge.md,,Retro Game,Emulator,
micro-machines,/roms/micro-machines.md,,Retro Game,Emulator,
might-and-magic-ii,/roms/might-and-magic-ii.md,,Retro Game,Emulator,
might-and-magic-iii---isles-of-terra,/roms/might-and-magic-iii---isles-of-terra.md,,Retro Game,Emulator,
mighty-final-fight,/roms/mighty-final-fight.md,,Retro Game,Emulator,
mighty-morphin-power-rangers---the-fighting-edition,/roms/mighty-morphin-power-rangers---the-fighting-edition.md,,Retro Game,Emulator,
mighty-morphin-power-rangers---the-movie,/roms/mighty-morphin-power-rangers---the-movie.md,,Retro Game,Emulator,
mighty-morphin-power-rangers,/roms/mighty-morphin-power-rangers.md,,Retro Game,Emulator,
mike-tysons-punch-out,/roms/mike-tysons-punch-out.md,,Retro Game,Emulator,
mitsume-ga-tooru,/roms/mitsume-ga-tooru.md,,Retro Game,Emulator,
mobile-suit-gundam-wing---endless-duel,/roms/mobile-suit-gundam-wing---endless-duel.md,,Retro Game,Emulator,
monopoly,/roms/monopoly.md,https://encrypted-tbn0.gstatic.com/images?q=tbn:ANd9GcSLZ7kvFzc3liTV9KkKvLcHTC5Ctqly7M0-eG6JjKSNK1OCBt-cUPA_VRDCkw&s,Board Game,Emulator,"Players buy, sell, and trade properties to become the wealthiest in the classic board game Monopoly."
monopoly,/roms/monopoly.md,https://encrypted-tbn0.gstatic.com/images?q=tbn:ANd9GcSLZ7kvFzc3liTV9KkKvLcHTC5Ctqly7M0-eG6JjKSNK1OCBt-cUPA_VRDCkw&s,Board Game,Emulator,"Players buy, sell, and trade properties to become the wealthiest in the classic board game Monopoly."
monster-in-my-pocket,/roms/monster-in-my-pocket.md,,Retro Game,Emulator,
monster-party,/roms/monster-party.md,,Retro Game,Emulator,
monster-world-iv,/roms/monster-world-iv.md,,Retro Game,Emulator,
moon-crystal,/roms/moon-crystal.md,,Retro Game,Emulator,
mortal-kombat-3,/roms/mortal-kombat-3.md,,Retro Game,Emulator,
mortal-kombat-ii,/roms/mortal-kombat-ii.md,,Retro Game,Emulator,
mortal-kombat-ii,/roms/mortal-kombat-ii.md,,Retro Game,Emulator,
mortal-kombat,/roms/mortal-kombat.md,,Retro Game,Emulator,
mortal-kombat,/roms/mortal-kombat.md,,Retro Game,Emulator,
mother-3,/roms/mother-3.md,,Retro Game,Emulator,
motocross-maniacs-advance,/roms/motocross-maniacs-advance.md,,Retro Game,Emulator,
motoracer-advance,/roms/motoracer-advance.md,,Retro Game,Emulator,
mr-driller-2,/roms/mr-driller-2.md,,Retro Game,Emulator,
mr-gimmick,/roms/mr-gimmick.md,,Retro Game,Emulator,
musha---metallic-uniframe-super-hybrid-armor,/roms/musha---metallic-uniframe-super-hybrid-armor.md,,Retro Game,Emulator,
musya---the-classic-japanese-tale-of-horror,/roms/musya---the-classic-japanese-tale-of-horror.md,,Retro Game,Emulator,
mutant-league-football,/roms/mutant-league-football.md,,Retro Game,Emulator,
mutant-league-hockey,/roms/mutant-league-hockey.md,,Retro Game,Emulator,
mysterious-dungeon-2---shiren-the-wanderer,/roms/mysterious-dungeon-2---shiren-the-wanderer.md,,Retro Game,Emulator,
mystical-fighter,/roms/mystical-fighter.md,,Retro Game,Emulator,
nba-jam---tournament-edition,/roms/nba-jam---tournament-edition.md,,Retro Game,Emulator,
nba-jam---tournament-edition,/roms/nba-jam---tournament-edition.md,,Retro Game,Emulator,
nekketsu-street-basket---go-for-it-dunk-heroes,/roms/nekketsu-street-basket---go-for-it-dunk-heroes.md,,Retro Game,Emulator,
nes-open-tournament-golf,/roms/nes-open-tournament-golf.md,,Retro Game,Emulator,
new-ghostbusters-ii,/roms/new-ghostbusters-ii.md,,Retro Game,Emulator,
new-horizons,/roms/new-horizons.md,,Retro Game,Emulator,
nhl-94,/roms/nhl-94.md,,Retro Game,Emulator,
ninja-five-0,/roms/ninja-five-0.md,,Retro Game,Emulator,
ninja-gaiden-ii---the-dark-sword-of-chaos,/roms/ninja-gaiden-ii---the-dark-sword-of-chaos.md,,Retro Game,Emulator,
ninja-gaiden-iii---the-ancient-ship-of-doom,/roms/ninja-gaiden-iii---the-ancient-ship-of-doom.md,,Retro Game,Emulator,
ninja-gaiden,/roms/ninja-gaiden.md,,Retro Game,Emulator,
ninjawarriors,/roms/ninjawarriors.md,https://encrypted-tbn0.gstatic.com/images?q=tbn:ANd9GcQibspj2nISHgsEUuEFYGRXJCy7y2pSNdZ6BQaHZus-oObGLD-_4-h3ezRoQnU&s,Category,Emulator,"Description
Genre|Action-packed side-scrolling beat 'em up
Platforms|Various consoles and arcade machines
Developer|Taito and Natsume
Release Date|1988
Storyline|Players control ninja warriors fighting against evil forces
Features|Co-op multiplayer and enhanced graphics"
nintendo-world-cup,/roms/nintendo-world-cup.md,,Retro Game,Emulator,
noahs-ark,/roms/noahs-ark.md,,Retro Game,Emulator,
nobunagas-ambition-ii,/roms/nobunagas-ambition-ii.md,,Retro Game,Emulator,
nobunagas-ambition,/roms/nobunagas-ambition.md,,Retro Game,Emulator,
nobunagas-ambition,/roms/nobunagas-ambition.md,,Retro Game,Emulator,
north-and-south,/roms/north-and-south.md,,Retro Game,Emulator,
nosferatu,/roms/nosferatu.md,https://encrypted-tbn0.gstatic.com/images?q=tbn:ANd9GcRMC50tJqx3sAh9j_eCrNbGrdB3krsyVQmC2b78r6d6YttQ0V3EeM6D6Qmu190&s,Category,Emulator,"Survival Horror
Description|Players must navigate a haunted castle, avoiding traps and enemies, to defeat the vampire lord, Nosferatu."
ogre-battle---the-march-of-the-black-queen,/roms/ogre-battle---the-march-of-the-black-queen.md,,Retro Game,Emulator,
on-the-ball,/roms/on-the-ball.md,,Retro Game,Emulator,
ooze-the,/roms/ooze-the.md,,Retro Game,Emulator,
operation-logic-bomb---the-ultimate-search-destroy,/roms/operation-logic-bomb---the-ultimate-search-destroy.md,,Retro Game,Emulator,
oriental-blue---ao-no-tengai,/roms/oriental-blue---ao-no-tengai.md,,Retro Game,Emulator,
out-of-this-world,/roms/out-of-this-world.md,,Retro Game,Emulator,
out-of-this-world,/roms/out-of-this-world.md,,Retro Game,Emulator,
outlander,/roms/outlander.md,https://encrypted-tbn0.gstatic.com/images?q=tbn:ANd9GcR-gscgZOqLxIbgf5IV99ysixsZJkVOxULhfHqi9iL9VQL3B_oMRSxd9a8LQQ&s,Category,Emulator,"Description
Action-adventure|Inspired by the Outlander TV series, players survive in 18th century Scotland."
outrun,/roms/outrun.md,https://encrypted-tbn0.gstatic.com/images?q=tbn:ANd9GcQqNv1o2WGO1mLn0nnDfTdc40dhx18MavZkr3xgcdGfKDsjPKsxFI95NIEGPhc&s,Racing,Emulator,"Players race sports cars through beautiful landscapes, choosing their own path to reach the finish line."
over-horizon,/roms/over-horizon.md,,Retro Game,Emulator,
p-t-o---pacific-theater-of-operations,/roms/p-t-o---pacific-theater-of-operations.md,,Retro Game,Emulator,
p-t-o-ii---pacific-theater-of-operations,/roms/p-t-o-ii---pacific-theater-of-operations.md,,Retro Game,Emulator,
pac-man-2---the-new-adventures,/roms/pac-man-2---the-new-adventures.md,,Retro Game,Emulator,
paladins-quest,/roms/paladins-quest.md,,Retro Game,Emulator,
palamedes,/roms/palamedes.md,https://encrypted-tbn0.gstatic.com/images?q=tbn:ANd9GcQkaKq_dcauFBVXykMxXCukYDnabmWfpFdh0PqG1ny2wmpTnbD3sHyjos0RPqU&s,Unknown,Emulator,Unknown
panic-restaurant,/roms/panic-restaurant.md,,Retro Game,Emulator,
panorama-cotton,/roms/panorama-cotton.md,,Retro Game,Emulator,
parodius,/roms/parodius.md,https://encrypted-tbn0.gstatic.com/images?q=tbn:ANd9GcRG8-0HU45dn4P-fcMiKtY9aTFCStZGA4RBhctJOMT6rpjxuOMplSVTXUOMVA&s,Category,Emulator,"Side-scrolling shoot 'em up parodying Gradius series. Fly unique characters through crazy levels.
Genre|Shoot 'em up
Developer|Konami
Platforms|Various
First released|1988"
parodius,/roms/parodius.md,https://encrypted-tbn0.gstatic.com/images?q=tbn:ANd9GcRG8-0HU45dn4P-fcMiKtY9aTFCStZGA4RBhctJOMT6rpjxuOMplSVTXUOMVA&s,Category,Emulator,"Side-scrolling shoot 'em up parodying Gradius series. Fly unique characters through crazy levels.
Genre|Shoot 'em up
Developer|Konami
Platforms|Various
First released|1988"
pepenga-pengo,/roms/pepenga-pengo.md,,Retro Game,Emulator,
perman---return-the-space-saucer,/roms/perman---return-the-space-saucer.md,,Retro Game,Emulator,
perman-2---down-with-the-secret-madou-society,/roms/perman-2---down-with-the-secret-madou-society.md,,Retro Game,Emulator,
phalanx,/roms/phalanx.md,https://encrypted-tbn0.gstatic.com/images?q=tbn:ANd9GcT-i_cL1GGUTga2Ti8phhSJ0KdvFW_P8tZAV3BjvdEDzZoX8gTd7iCBnSkXEw&s,Category,Emulator,"Description
Platformer|Side-scrolling shooter with a spaceship flying through various environments."
phantasy-star-ii,/roms/phantasy-star-ii.md,,Retro Game,Emulator,
phantasy-star-iii---generations-of-doom,/roms/phantasy-star-iii---generations-of-doom.md,,Retro Game,Emulator,
phantasy-star-iv,/roms/phantasy-star-iv.md,,Retro Game,Emulator,
phantom-2040,/roms/phantom-2040.md,,Retro Game,Emulator,
phantom-2040,/roms/phantom-2040.md,,Retro Game,Emulator,
pilotwings,/roms/pilotwings.md,https://encrypted-tbn0.gstatic.com/images?q=tbn:ANd9GcSp7uvWVUMTA9LegMbeC4I9EQCQPZI2wbG4aem0bfvJ5QJuw87v4nDOEGmE3w&s,Simulation,Emulator,"Fly planes, hang gliders, and rocket belts in missions to earn pilot licenses."
pinball-of-the-dead-the,/roms/pinball-of-the-dead-the.md,,Retro Game,Emulator,
pinball-quest,/roms/pinball-quest.md,,Retro Game,Emulator,
pinocchio,/roms/pinocchio.md,https://encrypted-tbn0.gstatic.com/images?q=tbn:ANd9GcQYcTpHHHH7IarocVFx7P6usi2jbdXyMZXy1WcczaWmxWP9IyA630dK1JRnGJs&s,Adventure,Emulator,Guide Pinocchio through levels solving puzzles and facing foes to become a real boy.
pirates-gold,/roms/pirates-gold.md,,Retro Game,Emulator,
pirates,/roms/pirates.md,,Retro Game,Emulator,
pizza-pop,/roms/pizza-pop.md,,Retro Game,Emulator,
plok,/roms/plok.md,https://encrypted-tbn0.gstatic.com/images?q=tbn:ANd9GcTt2hQUk4Uylg4uJyn_YuTtbtSRD0dnQrUOHhG9XOBHZ0kZ1MFHnIjZ5nQk8g&s,Platformer,Emulator,Plok is a side-scrolling platformer where the protagonist must retrieve his stolen flag.
pocky-rocky-2,/roms/pocky-rocky-2.md,,Retro Game,Emulator,
pocky-rocky,/roms/pocky-rocky.md,,Retro Game,Emulator,
pokemon---emerald-version,/roms/pokemon---emerald-version.md,,Retro Game,Emulator,
pokemon---firered-version,/roms/pokemon---firered-version.md,,Retro Game,Emulator,
pokemon---leafgreen-version,/roms/pokemon---leafgreen-version.md,,Retro Game,Emulator,
pokemon---ruby-version,/roms/pokemon---ruby-version.md,,Retro Game,Emulator,
pokemon---sapphire-version,/roms/pokemon---sapphire-version.md,,Retro Game,Emulator,
pokemon-mystery-dungeon---red-rescue-team,/roms/pokemon-mystery-dungeon---red-rescue-team.md,,Retro Game,Emulator,
pokemon-pinball---ruby-sapphire,/roms/pokemon-pinball---ruby-sapphire.md,,Retro Game,Emulator,
popn-twinbee---rainbow-bell-adventures,/roms/popn-twinbee---rainbow-bell-adventures.md,,Retro Game,Emulator,
popn-twinbee,/roms/popn-twinbee.md,,Retro Game,Emulator,
populous-ii---trials-of-the-olympian-gods,/roms/populous-ii---trials-of-the-olympian-gods.md,,Retro Game,Emulator,
populous,/roms/populous.md,https://encrypted-tbn0.gstatic.com/images?q=tbn:ANd9GcTyw7Qgve4tgX3jm4VsxAHuWPKuNoEFF7Y6gBfH65sOf5vFMsScbpvpf6e3ew&s,Category,Emulator,"Description
Genre|God simulation game
Developer|Bullfrog Productions
Publisher|Electronic Arts
Release Date|1989
Platforms|Various, including PC and SNES"
power-blade-2,/roms/power-blade-2.md,,Retro Game,Emulator,
power-blade,/roms/power-blade.md,,Retro Game,Emulator,
prehistorik-man,/roms/prehistorik-man.md,,Retro Game,Emulator,
princess-tomato-in-the-salad-kingdom,/roms/princess-tomato-in-the-salad-kingdom.md,,Retro Game,Emulator,
pro-wrestling,/roms/pro-wrestling.md,,Retro Game,Emulator,
psycho-pinball,/roms/psycho-pinball.md,,Retro Game,Emulator,
puggsy,/roms/puggsy.md,https://encrypted-tbn0.gstatic.com/images?q=tbn:ANd9GcThtnyQTwAq8XT_VF1sYYW7s_6C1FPXgWbPBxbqx5RHuRe0p2yQbkigr2G1sQ&s,Category,Emulator,"Adventure Platformer
Description|Puggsy the alien must find all lost objects to rebuild his spaceship and go home."
pulseman,/roms/pulseman.md,https://encrypted-tbn0.gstatic.com/images?q=tbn:ANd9GcSeHgHa4u62rme1IKNjChrWAHCs_fRb9Q1FHgSHP3W2sem2yFrWVPkamgwz6MU&s,Category,Emulator,Action platformer. Description|A superhero with electric powers battles enemies to save the world.
punisher-the,/roms/punisher-the.md,,Retro Game,Emulator,
push-over,/roms/push-over.md,https://encrypted-tbn0.gstatic.com/images?q=tbn:ANd9GcSlxWZn1AvPXlonRHEiOJi37NaZQqDeccanegRdZ88OPXdxhBQn_4bJYJS35w&s,Puzzle,Emulator,Guide a little guy through puzzling levels by toppling dominos to reach the exit.
putty-squad,/roms/putty-squad.md,,Retro Game,Emulator,
puyo-pop,/roms/puyo-pop.md,,Retro Game,Emulator,
qix,/roms/qix.md,https://encrypted-tbn0.gstatic.com/images?q=tbn:ANd9GcQIqb3xCypI4dOYXpbUnp9X3nyktVI4W5LwMubBXs3qMtCFGufHTkGT-eIbVIk&s,Arcade,Emulator,Players draw lines to create shapes while avoiding enemies to conquer territory.
quackshot-starring-donald-duck,/roms/quackshot-starring-donald-duck.md,,Retro Game,Emulator,
r-c-pro-am-ii,/roms/r-c-pro-am-ii.md,,Retro Game,Emulator,
r-c-pro-am,/roms/r-c-pro-am.md,,Retro Game,Emulator,
r-type-iii,/roms/r-type-iii.md,,Retro Game,Emulator,
racing-gears-advance,/roms/racing-gears-advance.md,,Retro Game,Emulator,
radical-rex,/roms/radical-rex.md,,Retro Game,Emulator,
raging-fire---recca,/roms/raging-fire---recca.md,,Retro Game,Emulator,
rainbow-islands---bubble-bobble-2,/roms/rainbow-islands---bubble-bobble-2.md,,Retro Game,Emulator,
rampart,/roms/rampart.md,https://encrypted-tbn0.gstatic.com/images?q=tbn:ANd9GcTRhCnaIamO9X-Z4kkhTR4bak45d9V_VsFcbvz0JjlVyPu1coyKk5AK09WDqQ&s,Category,Emulator,"Description
Genre|Strategy game combining tower defense and Tetris-like building mechanics.
Release Date|1990
Platforms|Arcade, Atari Lynx, NES, Sega Mega Drive
Developer|Atari Games"
rampart,/roms/rampart.md,https://encrypted-tbn0.gstatic.com/images?q=tbn:ANd9GcTRhCnaIamO9X-Z4kkhTR4bak45d9V_VsFcbvz0JjlVyPu1coyKk5AK09WDqQ&s,Category,Emulator,"Description
Genre|Strategy game combining tower defense and Tetris-like building mechanics.
Release Date|1990
Platforms|Arcade, Atari Lynx, NES, Sega Mega Drive
Developer|Atari Games"
ranger-x,/roms/ranger-x.md,,Retro Game,Emulator,
rayman-advance,/roms/rayman-advance.md,,Retro Game,Emulator,
rebelstar---tactical-command,/roms/rebelstar---tactical-command.md,,Retro Game,Emulator,
red-zone,/roms/red-zone.md,,Retro Game,Emulator,
rendering-ranger-r2,/roms/rendering-ranger-r2.md,,Retro Game,Emulator,
rescue---the-embassy-mission,/roms/rescue---the-embassy-mission.md,,Retro Game,Emulator,
revenge-of-shinobi-the,/roms/revenge-of-shinobi-the.md,,Retro Game,Emulator,
rhythm-tengoku,/roms/rhythm-tengoku.md,,Retro Game,Emulator,
riddick-bowe-boxing,/roms/riddick-bowe-boxing.md,,Retro Game,Emulator,
ring-king,/roms/ring-king.md,,Retro Game,Emulator,
rings-of-power,/roms/rings-of-power.md,,Retro Game,Emulator,
river-city-ransom-ex,/roms/river-city-ransom-ex.md,,Retro Game,Emulator,
river-city-ransom,/roms/river-city-ransom.md,,Retro Game,Emulator,
road-rash-3,/roms/road-rash-3.md,,Retro Game,Emulator,
road-rash-ii,/roms/road-rash-ii.md,,Retro Game,Emulator,
road-rash,/roms/road-rash.md,,Retro Game,Emulator,
robocop-versus-the-terminator,/roms/robocop-versus-the-terminator.md,,Retro Game,Emulator,
robocop-versus-the-terminator,/roms/robocop-versus-the-terminator.md,,Retro Game,Emulator,
robotrek,/roms/robotrek.md,https://encrypted-tbn0.gstatic.com/images?q=tbn:ANd9GcTYuJV2DREDPw77SViFsY2LIZ1S1tEbk8hLJWlpE_4HBp-P16VnD1byXM4VWg&s,Category,Emulator,"JRPG
Description|Create custom robots to battle enemies and save the town from an evil organization."
rock-n-roll-racing,/roms/rock-n-roll-racing.md,,Retro Game,Emulator,
rocket-knight-adventures,/roms/rocket-knight-adventures.md,,Retro Game,Emulator,
rockin-kats,/roms/rockin-kats.md,,Retro Game,Emulator,
rockman-forte,/roms/rockman-forte.md,,Retro Game,Emulator,
rocky-rodent,/roms/rocky-rodent.md,,Retro Game,Emulator,
rodland,/roms/rodland.md,https://encrypted-tbn0.gstatic.com/images?q=tbn:ANd9GcQentr5YFUrkGgil14oRK6o8vACpQx4GdItqNHGD_hf76vAlZ0S9a7zTo_OK30&s,Platformer,Emulator,Twin sisters rescue their mother from evil monsters in a magical world.
rollergames,/roms/rollergames.md,https://encrypted-tbn0.gstatic.com/images?q=tbn:ANd9GcST5jqcLYvqLMHbN-sJXeTT01t1305fmu1JLDpKMT-VGp_cOqBd2B8HcDm1_50&s,Action,Emulator,Skate through obstacle-filled levels to rescue teammates and defeat enemies in a futuristic roller derby world.
rolling-thunder-2,/roms/rolling-thunder-2.md,,Retro Game,Emulator,
rolling-thunder-3,/roms/rolling-thunder-3.md,,Retro Game,Emulator,
rolling-thunder,/roms/rolling-thunder.md,,Retro Game,Emulator,
romance-of-the-three-kingdoms-ii,/roms/romance-of-the-three-kingdoms-ii.md,,Retro Game,Emulator,
romance-of-the-three-kingdoms-ii,/roms/romance-of-the-three-kingdoms-ii.md,,Retro Game,Emulator,
romance-of-the-three-kingdoms-iii---dragon-of-destiny,/roms/romance-of-the-three-kingdoms-iii---dragon-of-destiny.md,,Retro Game,Emulator,
romance-of-the-three-kingdoms-iv---wall-of-fire,/roms/romance-of-the-three-kingdoms-iv---wall-of-fire.md,,Retro Game,Emulator,
romance-of-the-three-kingdoms,/roms/romance-of-the-three-kingdoms.md,,Retro Game,Emulator,
run-saber,/roms/run-saber.md,,Retro Game,Emulator,
rushn-attack,/roms/rushn-attack.md,,Retro Game,Emulator,
rygar,/roms/rygar.md,https://encrypted-tbn0.gstatic.com/images?q=tbn:ANd9GcRvNxioPnSHzmwhr6Yp9eDExnZ6sAPCLOho2ow9kWwhgMc701m_NQdrvt8iUQ&s,Action Adventure,Emulator,Rygar battles through ancient civilizations to defeat evil forces and rescue princess Harmonia.
s-c-a-t---special-cybernetic-attack-team,/roms/s-c-a-t---special-cybernetic-attack-team.md,,Retro Game,Emulator,
s-o-s---sink-or-swim,/roms/s-o-s---sink-or-swim.md,,Retro Game,Emulator,
sabre-wulf,/roms/sabre-wulf.md,,Retro Game,Emulator,
samurai-pizza-cats,/roms/samurai-pizza-cats.md,,Retro Game,Emulator,
saturday-night-slam-masters,/roms/saturday-night-slam-masters.md,,Retro Game,Emulator,
scooby-doo-mystery,/roms/scooby-doo-mystery.md,,Retro Game,Emulator,
secret-of-evermore,/roms/secret-of-evermore.md,,Retro Game,Emulator,
secret-of-mana,/roms/secret-of-mana.md,,Retro Game,Emulator,
shadow-dancer---the-secret-of-shinobi,/roms/shadow-dancer---the-secret-of-shinobi.md,,Retro Game,Emulator,
shadow-of-the-ninja,/roms/shadow-of-the-ninja.md,,Retro Game,Emulator,
shadowgate,/roms/shadowgate.md,https://encrypted-tbn0.gstatic.com/images?q=tbn:ANd9GcTnIxyQFHPFmiAKmsYjI02loU5XLlGza3p0v6eL43eeXiAeSsW0Umkb8wi-kA&s,Adventure,Emulator,Explore a haunted castle to solve puzzles and defeat the Warlock Lord.
shadowrun,/roms/shadowrun.md,https://encrypted-tbn0.gstatic.com/images?q=tbn:ANd9GcQoZOhBL39UPyluJlqyzdCCstrJ2AoabxbR2aoNnNjwks3sBaNp9iBaR6mpJQ0&s,Category,Emulator,"RPG
Description|Players take on missions in a cyberpunk-fantasy world with magic, technology, and diverse character classes."
shadowrun,/roms/shadowrun.md,https://encrypted-tbn0.gstatic.com/images?q=tbn:ANd9GcQoZOhBL39UPyluJlqyzdCCstrJ2AoabxbR2aoNnNjwks3sBaNp9iBaR6mpJQ0&s,Category,Emulator,"RPG
Description|Players take on missions in a cyberpunk-fantasy world with magic, technology, and diverse character classes."
shanghai-ii---dragons-eye,/roms/shanghai-ii---dragons-eye.md,,Retro Game,Emulator,
shatterhand,/roms/shatterhand.md,https://encrypted-tbn0.gstatic.com/images?q=tbn:ANd9GcSjNlbjuK5z6ockmKZh88h1ZnZeskTFOUaCuN5_mDvDQ7oUe2pI2uVBU-WdZTc&s,Category,Emulator,"Description
Genre|Action platformer
Developer|Natsume
Publisher|Jaleco
Release Date|1991
Platforms|Nintendo Entertainment System
Plot|Bionic cop fights an evil army with his powerful bionic gauntlet."
shiens-revenge,/roms/shiens-revenge.md,,Retro Game,Emulator,
shin-megami-tensei-ii,/roms/shin-megami-tensei-ii.md,,Retro Game,Emulator,
shin-megami-tensei,/roms/shin-megami-tensei.md,,Retro Game,Emulator,
shining-force-ii,/roms/shining-force-ii.md,,Retro Game,Emulator,
shining-force,/roms/shining-force.md,,Retro Game,Emulator,
shining-in-the-darkness,/roms/shining-in-the-darkness.md,,Retro Game,Emulator,
shinobi-iii---return-of-the-ninja-master,/roms/shinobi-iii---return-of-the-ninja-master.md,,Retro Game,Emulator,
sid-meiers-civilization,/roms/sid-meiers-civilization.md,,Retro Game,Emulator,
side-pocket,/roms/side-pocket.md,,Retro Game,Emulator,
side-pocket,/roms/side-pocket.md,,Retro Game,Emulator,
silent-scope,/roms/silent-scope.md,,Retro Game,Emulator,
silk-worm,/roms/silk-worm.md,,Retro Game,Emulator,
simant---the-electronic-ant-colony,/roms/simant---the-electronic-ant-colony.md,,Retro Game,Emulator,
simcity-2000---the-ultimate-city-simulator,/roms/simcity-2000---the-ultimate-city-simulator.md,,Retro Game,Emulator,
simcity,/roms/simcity.md,https://encrypted-tbn0.gstatic.com/images?q=tbn:ANd9GcSnMoGerarL5UhNjV0wvSjdAO1SPWtxBOE6FI_GyGynRA_qBbIXLhzxZ5_2LQ&s,Simulation,Emulator,Build and manage cities while dealing with disasters and keeping citizens happy.
skeleton-krew,/roms/skeleton-krew.md,,Retro Game,Emulator,
sky-kid,/roms/sky-kid.md,,Retro Game,Emulator,
skyblazer,/roms/skyblazer.md,https://encrypted-tbn0.gstatic.com/images?q=tbn:ANd9GcQiFl4tLJnEXs0tQfGgpAGD-dAff9luQ9lZUZMARpZKYakP3l17KYZH_9XSsmc&s,Category,Emulator,"Action-Platformer.
Description|Prince Sky must save his beloved Helena from the evil sorcerer, Ashura."
smash-t-v,/roms/smash-t-v.md,,Retro Game,Emulator,
smash-tennis,/roms/smash-tennis.md,,Retro Game,Emulator,
snake-rattle-n-roll,/roms/snake-rattle-n-roll.md,,Retro Game,Emulator,
snakes-revenge,/roms/snakes-revenge.md,,Retro Game,Emulator,
soldiers-of-fortune,/roms/soldiers-of-fortune.md,,Retro Game,Emulator,
solomons-key,/roms/solomons-key.md,,Retro Game,Emulator,
sonic-advance-2,/roms/sonic-advance-2.md,,Retro Game,Emulator,
sonic-advance-3,/roms/sonic-advance-3.md,,Retro Game,Emulator,
sonic-advance,/roms/sonic-advance.md,,Retro Game,Emulator,
sonic-battle,/roms/sonic-battle.md,,Retro Game,Emulator,
sonic-blast-man-ii,/roms/sonic-blast-man-ii.md,,Retro Game,Emulator,
sonic-blast-man,/roms/sonic-blast-man.md,,Retro Game,Emulator,
sonic-knuckles-sonic-the-hedgehog-3,/roms/sonic-knuckles-sonic-the-hedgehog-3.md,,Retro Game,Emulator,
sonic-pinball-party,/roms/sonic-pinball-party.md,,Retro Game,Emulator,
sonic-spinball,/roms/sonic-spinball.md,,Retro Game,Emulator,
sonic-the-hedgehog-2,/roms/sonic-the-hedgehog-2.md,,Retro Game,Emulator,
sonic-the-hedgehog,/roms/sonic-the-hedgehog.md,,Retro Game,Emulator,
soul-blazer,/roms/soul-blazer.md,,Retro Game,Emulator,
space-megaforce,/roms/space-megaforce.md,,Retro Game,Emulator,
spankys-quest,/roms/spankys-quest.md,,Retro Game,Emulator,
sparkster,/roms/sparkster.md,https://encrypted-tbn0.gstatic.com/images?q=tbn:ANd9GcQnsb2odwbZQF80u-iTgTmnRgYXaH1GdulPMYrtr74hucarIobJrfAH2-rS4yc&s,Category,Emulator,"Action Platformer.
Description|Sparkster is a rocket knight on a quest to defeat the evil empire."
speed-racer,/roms/speed-racer.md,,Retro Game,Emulator,
speedball-2---brutal-deluxe,/roms/speedball-2---brutal-deluxe.md,,Retro Game,Emulator,
spider-man---mysterios-menace,/roms/spider-man---mysterios-menace.md,,Retro Game,Emulator,
spider-man---venom---maximum-carnage,/roms/spider-man---venom---maximum-carnage.md,,Retro Game,Emulator,
spindizzy-worlds,/roms/spindizzy-worlds.md,,Retro Game,Emulator,
splatter-house---super-deformed,/roms/splatter-house---super-deformed.md,,Retro Game,Emulator,
splatterhouse-2,/roms/splatterhouse-2.md,,Retro Game,Emulator,
splatterhouse-3,/roms/splatterhouse-3.md,,Retro Game,Emulator,
spot---the-video-game,/roms/spot---the-video-game.md,,Retro Game,Emulator,
spyro---attack-of-the-rhynocs,/roms/spyro---attack-of-the-rhynocs.md,,Retro Game,Emulator,
spyro---season-of-ice,/roms/spyro---season-of-ice.md,,Retro Game,Emulator,
spyro-2---season-of-flame,/roms/spyro-2---season-of-flame.md,,Retro Game,Emulator,
star-fox-2,/roms/star-fox-2.md,,Retro Game,Emulator,
star-fox,/roms/star-fox.md,,Retro Game,Emulator,
star-ocean,/roms/star-ocean.md,,Retro Game,Emulator,
star-wars,/roms/star-wars.md,,Retro Game,Emulator,
startropics,/roms/startropics.md,https://encrypted-tbn0.gstatic.com/images?q=tbn:ANd9GcS2cwUgjkUYn2zyc6-8XvTbgW9A0QT2aI_elzCSWnHQ4Iw7HHFBAnahEoHMHd4&s,Category,Emulator,"Action-adventure
Description|Player controls Mike Jones on a quest to rescue his missing uncle on a tropical island."
steel-empire,/roms/steel-empire.md,,Retro Game,Emulator,
street-fighter-alpha-2,/roms/street-fighter-alpha-2.md,,Retro Game,Emulator,
street-fighter-alpha-3,/roms/street-fighter-alpha-3.md,,Retro Game,Emulator,
street-fighter-ii-turbo,/roms/street-fighter-ii-turbo.md,,Retro Game,Emulator,
streets-of-rage-2,/roms/streets-of-rage-2.md,,Retro Game,Emulator,
streets-of-rage-3,/roms/streets-of-rage-3.md,,Retro Game,Emulator,
strider,/roms/strider.md,https://encrypted-tbn0.gstatic.com/images?q=tbn:ANd9GcQNJYG108ZsM8uulBmXqpFd6WmBEGbKvcAgw2j3Hd3rvkkuRcpHugM9dwyY1A&s,Action-adventure,Emulator,Ninja Strider Hiryu battles through futuristic setting to defeat evil Grandmaster.
strike-gunner-s-t-g,/roms/strike-gunner-s-t-g.md,,Retro Game,Emulator,
stunt-race-fx,/roms/stunt-race-fx.md,,Retro Game,Emulator,
sub-terrania,/roms/sub-terrania.md,https://encrypted-tbn0.gstatic.com/images?q=tbn:ANd9GcR9e9rjDXM4iViubY02KpGLYzxi_XnkKsUpBIJ8rQEFMPiG3tpV1jvNoDPDeQ&s,Genre,Emulator,"Action
Release Date|1993
Developer|Zyrinx
Publisher|Sega
Gameplay|Pilot a ship through underground caverns to complete missions and defeat enemies."
summon-night---swordcraft-story-2,/roms/summon-night---swordcraft-story-2.md,,Retro Game,Emulator,
summon-night---swordcraft-story,/roms/summon-night---swordcraft-story.md,,Retro Game,Emulator,
sunset-riders,/roms/sunset-riders.md,,Retro Game,Emulator,
super-adventure-island-ii,/roms/super-adventure-island-ii.md,,Retro Game,Emulator,
super-adventure-island,/roms/super-adventure-island.md,,Retro Game,Emulator,
super-bomberman-2,/roms/super-bomberman-2.md,,Retro Game,Emulator,
super-bomberman-3,/roms/super-bomberman-3.md,,Retro Game,Emulator,
super-bomberman,/roms/super-bomberman.md,,Retro Game,Emulator,
super-bonk,/roms/super-bonk.md,,Retro Game,Emulator,
super-bowling,/roms/super-bowling.md,,Retro Game,Emulator,
super-buster-bros,/roms/super-buster-bros.md,,Retro Game,Emulator,
super-c,/roms/super-c.md,,Retro Game,Emulator,
super-castlevania-iv,/roms/super-castlevania-iv.md,,Retro Game,Emulator,
super-dodge-ball,/roms/super-dodge-ball.md,,Retro Game,Emulator,
super-double-dragon,/roms/super-double-dragon.md,,Retro Game,Emulator,
super-famicom-wars,/roms/super-famicom-wars.md,,Retro Game,Emulator,
super-fantasy-zone,/roms/super-fantasy-zone.md,,Retro Game,Emulator,
super-ghouls-n-ghosts,/roms/super-ghouls-n-ghosts.md,,Retro Game,Emulator,
super-mario-advance-2---super-mario-world,/roms/super-mario-advance-2---super-mario-world.md,,Retro Game,Emulator,
super-mario-advance-3---yoshis-island,/roms/super-mario-advance-3---yoshis-island.md,,Retro Game,Emulator,
super-mario-advance-4---super-mario-bros-3,/roms/super-mario-advance-4---super-mario-bros-3.md,,Retro Game,Emulator,
super-mario-advance,/roms/super-mario-advance.md,,Retro Game,Emulator,
super-mario-all-stars,/roms/super-mario-all-stars.md,,Retro Game,Emulator,
super-mario-bros-2,/roms/super-mario-bros-2.md,,Retro Game,Emulator,
super-mario-bros-3,/roms/super-mario-bros-3.md,,Retro Game,Emulator,
super-mario-bros,/roms/super-mario-bros.md,,Retro Game,Emulator,
super-mario-kart,/roms/super-mario-kart.md,,Retro Game,Emulator,
super-mario-rpg---legend-of-the-seven-stars,/roms/super-mario-rpg---legend-of-the-seven-stars.md,,Retro Game,Emulator,
super-mario-world-2---yoshis-island,/roms/super-mario-world-2---yoshis-island.md,,Retro Game,Emulator,
super-mario-world,/roms/super-mario-world.md,,Retro Game,Emulator,
super-metroid,/roms/super-metroid.md,,Retro Game,Emulator,
super-monkey-ball-jr,/roms/super-monkey-ball-jr.md,,Retro Game,Emulator,
super-morph,/roms/super-morph.md,,Retro Game,Emulator,
super-ninja-boy,/roms/super-ninja-boy.md,,Retro Game,Emulator,
super-off-road,/roms/super-off-road.md,,Retro Game,Emulator,
super-punch-out,/roms/super-punch-out.md,,Retro Game,Emulator,
super-puzzle-fighter-ii,/roms/super-puzzle-fighter-ii.md,,Retro Game,Emulator,
super-r-type,/roms/super-r-type.md,,Retro Game,Emulator,
super-robot-taisen---original-generation-2,/roms/super-robot-taisen---original-generation-2.md,,Retro Game,Emulator,
super-robot-taisen---original-generation,/roms/super-robot-taisen---original-generation.md,,Retro Game,Emulator,
super-robot-taisen-r,/roms/super-robot-taisen-r.md,,Retro Game,Emulator,
super-smash-t-v,/roms/super-smash-t-v.md,,Retro Game,Emulator,
super-spike-vball,/roms/super-spike-vball.md,,Retro Game,Emulator,
super-spy-hunter,/roms/super-spy-hunter.md,,Retro Game,Emulator,
super-star-wars---return-of-the-jedi,/roms/super-star-wars---return-of-the-jedi.md,,Retro Game,Emulator,
super-star-wars---the-empire-strikes-back,/roms/super-star-wars---the-empire-strikes-back.md,,Retro Game,Emulator,
super-star-wars,/roms/super-star-wars.md,,Retro Game,Emulator,
super-street-fighter-ii-turbo---revival,/roms/super-street-fighter-ii-turbo---revival.md,,Retro Game,Emulator,
super-street-fighter-ii,/roms/super-street-fighter-ii.md,,Retro Game,Emulator,
super-tennis,/roms/super-tennis.md,,Retro Game,Emulator,
super-turrican-2,/roms/super-turrican-2.md,,Retro Game,Emulator,
super-turrican,/roms/super-turrican.md,,Retro Game,Emulator,
swat-kats---the-radical-squadron,/roms/swat-kats---the-radical-squadron.md,,Retro Game,Emulator,
sweet-home,/roms/sweet-home.md,,Retro Game,Emulator,
sword-master,/roms/sword-master.md,,Retro Game,Emulator,
sword-of-mana,/roms/sword-of-mana.md,,Retro Game,Emulator,
sword-of-vermilion,/roms/sword-of-vermilion.md,,Retro Game,Emulator,
syndicate,/roms/syndicate.md,https://encrypted-tbn0.gstatic.com/images?q=tbn:ANd9GcR_FXtYNA58fEDGnDeCAXGwy4beYVztRczkMttSja9iBqnhv2MikwJwmXmOaw&s,Category,Emulator,"First-person shooter set in cyberpunk world where corporations control everything through mind control technology.
Platform|PlayStation 3, Xbox 360, Microsoft Windows, Mac OS X."
tactics-ogre---let-us-cling-together,/roms/tactics-ogre---let-us-cling-together.md,,Retro Game,Emulator,
tactics-ogre---the-knight-of-lodis,/roms/tactics-ogre---the-knight-of-lodis.md,,Retro Game,Emulator,
tales-of-phantasia,/roms/tales-of-phantasia.md,,Retro Game,Emulator,
target-earth,/roms/target-earth.md,,Retro Game,Emulator,
tatsujin-truxton,/roms/tatsujin-truxton.md,,Retro Game,Emulator,
taz-in-escape-from-mars,/roms/taz-in-escape-from-mars.md,,Retro Game,Emulator,
taz-mania,/roms/taz-mania.md,https://encrypted-tbn0.gstatic.com/images?q=tbn:ANd9GcSS56L7RRlTlnkwHTRYX2sd2H9pk9E1zdyVKM7nE5TmoLF79gv4WUprVmk4Ig&s,Category,Emulator,"Platformer.
Description|Taz escapes from Zoo keepers while collecting kiwis in Taz-Mania."
technocop,/roms/technocop.md,https://encrypted-tbn0.gstatic.com/images?q=tbn:ANd9GcSkwWN_Z6IuDXfk1Q8Y9v2PKSl97nMObN-ny-cF5KVyQweF0Nz_QDXgiiiLeyc&s,Category,Emulator,Unknown.
technos-samurai---downtown-special,/roms/technos-samurai---downtown-special.md,,Retro Game,Emulator,
tecmo-bowl,/roms/tecmo-bowl.md,,Retro Game,Emulator,
tecmo-super-bowl-iii---final-edition,/roms/tecmo-super-bowl-iii---final-edition.md,,Retro Game,Emulator,
tecmo-super-bowl,/roms/tecmo-super-bowl.md,,Retro Game,Emulator,
tecmo-world-wrestling,/roms/tecmo-world-wrestling.md,,Retro Game,Emulator,
teenage-mutant-ninja-turtles---the-hyperstone-heist,/roms/teenage-mutant-ninja-turtles---the-hyperstone-heist.md,,Retro Game,Emulator,
teenage-mutant-ninja-turtles---tournament-fighters,/roms/teenage-mutant-ninja-turtles---tournament-fighters.md,,Retro Game,Emulator,
teenage-mutant-ninja-turtles---tournament-fighters,/roms/teenage-mutant-ninja-turtles---tournament-fighters.md,,Retro Game,Emulator,
teenage-mutant-ninja-turtles-2---battle-nexus,/roms/teenage-mutant-ninja-turtles-2---battle-nexus.md,,Retro Game,Emulator,
teenage-mutant-ninja-turtles-ii---the-arcade-game,/roms/teenage-mutant-ninja-turtles-ii---the-arcade-game.md,,Retro Game,Emulator,
teenage-mutant-ninja-turtles-iii---the-manhattan-project,/roms/teenage-mutant-ninja-turtles-iii---the-manhattan-project.md,,Retro Game,Emulator,
teenage-mutant-ninja-turtles-iv---turtles-in-time,/roms/teenage-mutant-ninja-turtles-iv---turtles-in-time.md,,Retro Game,Emulator,
teenage-mutant-ninja-turtles,/roms/teenage-mutant-ninja-turtles.md,,Retro Game,Emulator,
teenage-mutant-ninja-turtles,/roms/teenage-mutant-ninja-turtles.md,,Retro Game,Emulator,
terra-cresta,/roms/terra-cresta.md,,Retro Game,Emulator,
terranigma,/roms/terranigma.md,https://encrypted-tbn0.gstatic.com/images?q=tbn:ANd9GcSAh7jJzEvqo_GjLCPn-vTo2NL0ySK85FZVXT2x1XmC4iSspD-co7ZKiqJ4VcY&s,Category,Emulator,"Description
Genre|Action role-playing game
Developer|Quintet
Publisher|Enix
Release Date|1995
Platforms|Super Nintendo Entertainment System"
tetris-2,/roms/tetris-2.md,,Retro Game,Emulator,
tetris-2,/roms/tetris-2.md,,Retro Game,Emulator,
tetris-attack,/roms/tetris-attack.md,,Retro Game,Emulator,
tetris-dr-mario,/roms/tetris-dr-mario.md,,Retro Game,Emulator,
tetris,/roms/tetris.md,https://encrypted-tbn0.gstatic.com/images?q=tbn:ANd9GcTYgmWEjflx-WDjV8oLaDKsW8_NRXALh8FxlwtBLnuKODyBF-Huzc6YBdOacL0&s,Puzzle,Emulator,Arrange falling blocks to create complete lines and clear the board.
tiny-toon-adventures---buster-busts-loose,/roms/tiny-toon-adventures---buster-busts-loose.md,,Retro Game,Emulator,
tiny-toon-adventures---wacky-sports-challenge,/roms/tiny-toon-adventures---wacky-sports-challenge.md,,Retro Game,Emulator,
tiny-toon-adventures-2---trouble-in-wackyland,/roms/tiny-toon-adventures-2---trouble-in-wackyland.md,,Retro Game,Emulator,
tiny-toon-adventures,/roms/tiny-toon-adventures.md,,Retro Game,Emulator,
tmnt,/roms/tmnt.md,https://encrypted-tbn0.gstatic.com/images?q=tbn:ANd9GcSKHGazvUaK22yaJbRS_jqv8e_w2m4-ahI15txMhSR5oYTaz2M9N9gfJ6_J-3k&s,Category,Emulator,"Description
Genre|Beat 'em up
Release Date|October 1989
Developer|Konami
Platforms|NES, Arcade
Characters|Leonardo, Donatello, Michelangelo, Raphael"
toejam-earl-in-panic-on-funkotron,/roms/toejam-earl-in-panic-on-funkotron.md,,Retro Game,Emulator,
toejam-earl,/roms/toejam-earl.md,,Retro Game,Emulator,
toki---going-ape-spit,/roms/toki---going-ape-spit.md,,Retro Game,Emulator,
toki,/roms/toki.md,https://encrypted-tbn0.gstatic.com/images?q=tbn:ANd9GcSSvCH-To3ngWC0hjoGeqxS9tZMoeL_E4TQOURgczTucXiAybAgbjxdyZcnWA8&s,Category,Emulator,"Arcade
Description|A platformer where Toki fights through levels to save his girlfriend from an evil sorcerer."
tomato-adventure,/roms/tomato-adventure.md,,Retro Game,Emulator,
tombs-treasure,/roms/tombs-treasure.md,,Retro Game,Emulator,
tony-hawks-pro-skater-2,/roms/tony-hawks-pro-skater-2.md,,Retro Game,Emulator,
tony-hawks-pro-skater-3,/roms/tony-hawks-pro-skater-3.md,,Retro Game,Emulator,
tony-hawks-pro-skater-4,/roms/tony-hawks-pro-skater-4.md,,Retro Game,Emulator,
tony-hawks-underground-2,/roms/tony-hawks-underground-2.md,,Retro Game,Emulator,
tony-hawks-underground,/roms/tony-hawks-underground.md,,Retro Game,Emulator,
top-gear-2,/roms/top-gear-2.md,,Retro Game,Emulator,
top-gear-3000,/roms/top-gear-3000.md,,Retro Game,Emulator,
top-gear,/roms/top-gear.md,,Retro Game,Emulator,
torneco-no-daibouken---fushigi-no-dungeon,/roms/torneco-no-daibouken---fushigi-no-dungeon.md,,Retro Game,Emulator,
total-carnage,/roms/total-carnage.md,,Retro Game,Emulator,
town-country-surf-designs---thrillas-surfari,/roms/town-country-surf-designs---thrillas-surfari.md,,Retro Game,Emulator,
town-country-surf-designs---wood-water-rage,/roms/town-country-surf-designs---wood-water-rage.md,,Retro Game,Emulator,
toy-story,/roms/toy-story.md,,Retro Game,Emulator,
toy-story,/roms/toy-story.md,,Retro Game,Emulator,
trials-of-mana,/roms/trials-of-mana.md,,Retro Game,Emulator,
troddlers,/roms/troddlers.md,https://encrypted-tbn0.gstatic.com/images?q=tbn:ANd9GcTKkc4GwcddJM9YSdAiCcW-itQLv2DuR6H2O_z7QwTF-wpfAprz9cVVHcpAig&s,Puzzle,Emulator,Guide Troddlers to safety with magical blocks in this fun and challenging puzzle game.
true-lies,/roms/true-lies.md,,Retro Game,Emulator,
turn-and-burn---no-fly-zone,/roms/turn-and-burn---no-fly-zone.md,,Retro Game,Emulator,
twinbee-3---the-aimless-demon-king,/roms/twinbee-3---the-aimless-demon-king.md,,Retro Game,Emulator,
twinkle-tale,/roms/twinkle-tale.md,,Retro Game,Emulator,
twisted-tales-of-spike-mcfang-the,/roms/twisted-tales-of-spike-mcfang-the.md,,Retro Game,Emulator,
u-n-squadron,/roms/u-n-squadron.md,,Retro Game,Emulator,
ufouria---the-saga,/roms/ufouria---the-saga.md,,Retro Game,Emulator,
ultima---quest-of-the-avatar,/roms/ultima---quest-of-the-avatar.md,,Retro Game,Emulator,
ultima---runes-of-virtue-ii,/roms/ultima---runes-of-virtue-ii.md,,Retro Game,Emulator,
ultima---the-black-gate,/roms/ultima---the-black-gate.md,,Retro Game,Emulator,
ultima---the-false-prophet,/roms/ultima---the-false-prophet.md,,Retro Game,Emulator,
ultimate-brain-games,/roms/ultimate-brain-games.md,,Retro Game,Emulator,
ultimate-mortal-kombat-3,/roms/ultimate-mortal-kombat-3.md,,Retro Game,Emulator,
ultimate-mortal-kombat-3,/roms/ultimate-mortal-kombat-3.md,,Retro Game,Emulator,
undead-line,/roms/undead-line.md,,Retro Game,Emulator,
uniracers,/roms/uniracers.md,https://encrypted-tbn0.gstatic.com/images?q=tbn:ANd9GcSuzqmFB6q7i7q9S8O9-5JXRcIIP-jVmfbAHiS7fHlXJS4CDCEoqBgg3gRnbDQ&s,Racing,Emulator,"Race unicycles on insane tracks performing stunts in this fast-paced, side-scrolling game from 1994."
urban-strike,/roms/urban-strike.md,,Retro Game,Emulator,
urban-yeti,/roms/urban-yeti.md,,Retro Game,Emulator,
utopia---the-creation-of-a-nation,/roms/utopia---the-creation-of-a-nation.md,,Retro Game,Emulator,
v-rally-3,/roms/v-rally-3.md,,Retro Game,Emulator,
vectorman-2,/roms/vectorman-2.md,,Retro Game,Emulator,
vectorman,/roms/vectorman.md,https://encrypted-tbn0.gstatic.com/images?q=tbn:ANd9GcT18euXl4uoE1P_ek3w0-28n0_y8wq83day3VH50JtdqW5WzU_5Wk-SzA8pTyQ&s,Genre,Emulator,Sci-fi platformer with a sentient robot fighting to save Earth from an alien invasion.
vegas-stakes,/roms/vegas-stakes.md,,Retro Game,Emulator,
vice---project-doom,/roms/vice---project-doom.md,,Retro Game,Emulator,
violinist-of-hameln-the,/roms/violinist-of-hameln-the.md,,Retro Game,Emulator,
virtua-tennis,/roms/virtua-tennis.md,,Retro Game,Emulator,
wacky-races,/roms/wacky-races.md,,Retro Game,Emulator,
wai-wai-world-2---sos-paseri-jou,/roms/wai-wai-world-2---sos-paseri-jou.md,,Retro Game,Emulator,
wai-wai-world,/roms/wai-wai-world.md,,Retro Game,Emulator,
wario-land-4,/roms/wario-land-4.md,,Retro Game,Emulator,
warios-woods,/roms/warios-woods.md,,Retro Game,Emulator,
warios-woods,/roms/warios-woods.md,,Retro Game,Emulator,
warioware---twisted,/roms/warioware---twisted.md,,Retro Game,Emulator,
warioware-inc---mega-microgame,/roms/warioware-inc---mega-microgame.md,,Retro Game,Emulator,
weaponlord,/roms/weaponlord.md,https://encrypted-tbn0.gstatic.com/images?q=tbn:ANd9GcRNIcF0YfTgYN1To5A__d4pbepQyeg-fR0SLwHu_hFflNuxJuTTXjZhHfQ8uA&s,Category,Emulator,"Fighting game. Lore-heavy, featuring unique weapon-based combat system."
where-in-the-world-is-carmen-sandiego,/roms/where-in-the-world-is-carmen-sandiego.md,,Retro Game,Emulator,
whirlo,/roms/whirlo.md,https://encrypted-tbn0.gstatic.com/images?q=tbn:ANd9GcQywuDsNRCnogfz5DWjS-WkxTxyi63oChjtAVlHefDUfIV3FdfZO7mFWxNMQQ&s,Platformer,Emulator,Whirlo must navigate levels filled with enemies and obstacles to rescue his girlfriend.
whizz,/roms/whizz.md,https://encrypted-tbn0.gstatic.com/images?q=tbn:ANd9GcQkFyGHiigsm4X2rBsE1m2voUIiRikF5gZVph8mQ5wg3JA9FpCidnia1ogz8g&s,Genre,Emulator,"Action-packed 3D platformer with puzzle elements.
Developer|Flair Software
Publisher|Titus Interactive
Platforms|PlayStation, MS-DOS
Release Date|1994
Mode|Single-player"
whomp-em,/roms/whomp-em.md,,Retro Game,Emulator,
wild-guns,/roms/wild-guns.md,,Retro Game,Emulator,
wild-snake,/roms/wild-snake.md,,Retro Game,Emulator,
willow,/roms/willow.md,https://encrypted-tbn0.gstatic.com/images?q=tbn:ANd9GcThqkvX-Jwu0vNaihoY0SNlF3fySoDpBUqABouEnovTU1YoXxmllzna06CQMvE&s,Action RPG,Emulator,Willow embarks on a quest to save a baby from the evil queen Bavmorda.
wing-commander---prophecy,/roms/wing-commander---prophecy.md,,Retro Game,Emulator,
wing-commander---the-secret-missions,/roms/wing-commander---the-secret-missions.md,,Retro Game,Emulator,
wing-commander,/roms/wing-commander.md,,Retro Game,Emulator,
wings,/roms/wings.md,https://encrypted-tbn0.gstatic.com/images?q=tbn:ANd9GcR2WnlebO2axEdDACWQb-AahgQ2aLVdgAs_xLlwY-r5OqbYJa27_l2zX6Nq7A&s,Genre,Emulator,"Flight simulation game with World War I aerial combat.
Release Date|1990.
Developer|Cinemaware."
wiz-n-liz,/roms/wiz-n-liz.md,,Retro Game,Emulator,
wizardry-v---heart-of-the-maelstrom,/roms/wizardry-v---heart-of-the-maelstrom.md,,Retro Game,Emulator,
wonder-boy-iii---monster-lair,/roms/wonder-boy-iii---monster-lair.md,,Retro Game,Emulator,
wonder-boy-in-monster-world,/roms/wonder-boy-in-monster-world.md,,Retro Game,Emulator,
world-of-illusion-starring-mickey-mouse-and-donald-duck,/roms/world-of-illusion-starring-mickey-mouse-and-donald-duck.md,,Retro Game,Emulator,
worms-world-party,/roms/worms-world-party.md,,Retro Game,Emulator,
wrath-of-the-black-manta,/roms/wrath-of-the-black-manta.md,,Retro Game,Emulator,
wwf-raw,/roms/wwf-raw.md,,Retro Game,Emulator,
wwf-royal-rumble,/roms/wwf-royal-rumble.md,,Retro Game,Emulator,
wwf-wrestlemania---the-arcade-game,/roms/wwf-wrestlemania---the-arcade-game.md,,Retro Game,Emulator,
x-kaliber-2097,/roms/x-kaliber-2097.md,,Retro Game,Emulator,
x-men---mutant-apocalypse,/roms/x-men---mutant-apocalypse.md,,Retro Game,Emulator,
x-men-2---clone-wars,/roms/x-men-2---clone-wars.md,,Retro Game,Emulator,
xexyz,/roms/xexyz.md,https://encrypted-tbn0.gstatic.com/images?q=tbn:ANd9GcRUMiSev725Ua8GWCjFEM6iNTrHjlVLdGTWr5G-FaCK6mypKsOonwXtUDpvWw&s,Category,Emulator,Action Platformer. Description| Zexis fights alien invaders through space and on planet surfaces.
yggdra-union---well-never-fight-alone,/roms/yggdra-union---well-never-fight-alone.md,,Retro Game,Emulator,
yoshis-cookie,/roms/yoshis-cookie.md,,Retro Game,Emulator,
yoshis-cookie,/roms/yoshis-cookie.md,,Retro Game,Emulator,
young-indiana-jones-chronicles-the,/roms/young-indiana-jones-chronicles-the.md,,Retro Game,Emulator,
young-merlin,/roms/young-merlin.md,,Retro Game,Emulator,
ys-iii---wanderers-from-ys,/roms/ys-iii---wanderers-from-ys.md,,Retro Game,Emulator,
zelda-ii---the-adventure-of-link,/roms/zelda-ii---the-adventure-of-link.md,,Retro Game,Emulator,
zodas-revenge---startropics-ii,/roms/zodas-revenge---startropics-ii.md,,Retro Game,Emulator,
zombie-nation,/roms/zombie-nation.md,,Retro Game,Emulator,
zombies-ate-my-neighbors,/roms/zombies-ate-my-neighbors.md,,Retro Game,Emulator,
zone-of-the-enders---the-fist-of-mars,/roms/zone-of-the-enders---the-fist-of-mars.md,,Retro Game,Emulator,
zoop,/roms/zoop.md,https://encrypted-tbn0.gstatic.com/images?q=tbn:ANd9GcSc_wDwXhVNk2OA_P4KD_LBLGZIqKVn1rReYwGrrgWjwrTCSQVq-IEDIjMWodU&s,Puzzle,Emulator,Matching shapes of the same color to prevent them from reaching the center.
